ConvID,EntryID,DestConvID,DestEntryID
83,0,83,1
84,0,84,1
108,0,108,1
108,1,108,2
108,2,108,3
108,3,108,4
108,4,108,5
108,5,108,6
108,6,108,7
108,7,108,8
108,8,108,9
108,9,108,10
108,10,108,11
108,11,108,12
108,12,108,13
108,13,108,14
108,14,108,15
108,15,108,16
108,16,108,17
108,17,108,18
108,18,108,410
108,19,108,20
108,20,108,21
108,21,108,22
108,22,108,23
108,23,108,24
108,24,108,25
108,25,108,26
108,26,108,27
108,27,108,28
108,28,108,29
108,29,108,30
108,30,108,31
108,31,108,32
108,32,108,33
108,33,108,34
108,34,108,35
108,35,108,36
108,36,108,37
108,37,108,38
108,38,108,39
108,39,108,40
108,40,108,41
108,41,108,42
108,42,108,43
108,43,108,44
108,44,108,45
108,45,108,46
108,46,108,47
108,47,108,48
108,48,108,49
108,49,108,50
108,50,108,51
108,51,108,52
108,52,108,53
108,53,108,54
108,54,108,55
108,55,108,56
108,56,108,57
108,57,108,58
108,58,108,59
108,59,108,60
108,60,108,61
108,60,108,62
108,60,108,63
108,61,108,64
108,62,108,68
108,63,108,74
108,64,108,65
108,65,108,66
108,66,108,67
108,67,108,77
108,68,108,69
108,69,108,70
108,70,108,71
108,71,108,72
108,72,108,73
108,73,108,77
108,74,108,75
108,75,108,76
108,76,108,77
108,77,108,78
108,78,108,79
108,79,108,80
108,80,108,81
108,81,108,82
108,82,108,83
108,83,108,84
108,84,108,85
108,85,108,86
108,86,108,87
108,87,108,88
108,88,108,89
108,89,108,90
108,90,108,91
108,91,108,92
108,92,108,93
108,93,108,94
108,94,108,95
108,95,108,96
108,96,108,97
108,97,108,98
108,98,108,99
108,99,108,100
108,100,108,101
108,101,108,102
108,102,108,103
108,103,108,104
108,104,108,105
108,105,108,106
108,106,108,107
108,107,108,358
108,107,108,359
108,107,108,360
108,112,108,113
108,113,108,114
108,114,108,115
108,115,108,116
108,116,108,117
108,117,108,318
108,118,108,319
108,119,108,120
108,120,108,323
108,121,108,122
108,122,108,123
108,123,108,124
108,124,108,125
108,125,108,126
108,125,108,337
108,126,108,127
108,127,108,128
108,128,108,129
108,129,108,130
108,130,108,131
108,131,108,132
108,132,108,133
108,133,108,134
108,134,108,135
108,135,108,136
108,136,108,137
108,137,108,138
108,138,108,139
108,139,108,140
108,140,108,141
108,141,108,142
108,142,108,143
108,143,108,144
108,144,108,145
108,145,108,146
108,146,108,147
108,147,108,148
108,148,108,149
108,149,108,150
108,150,108,151
108,151,108,152
108,152,108,153
108,153,108,154
108,154,108,155
108,155,108,156
108,156,108,157
108,157,108,158
108,158,108,159
108,159,108,160
108,160,108,161
108,161,108,338
108,162,108,163
108,163,108,164
108,164,108,165
108,165,108,166
108,166,108,167
108,167,108,168
108,168,108,169
108,169,108,170
108,170,108,171
108,171,108,172
108,172,108,173
108,173,108,174
108,174,108,175
108,175,108,176
108,176,108,177
108,177,108,178
108,178,108,179
108,179,108,180
108,180,108,377
108,180,108,378
108,180,108,379
108,182,108,183
108,183,108,184
108,184,108,185
108,185,108,186
108,186,108,187
108,187,108,188
108,188,108,189
108,189,108,190
108,190,108,191
108,191,108,192
108,192,108,342
108,193,108,194
108,194,108,195
108,195,108,196
108,196,108,197
108,197,108,198
108,198,108,389
108,198,108,390
108,198,108,391
108,199,108,200
108,200,108,201
108,201,108,202
108,202,108,203
108,203,108,204
108,204,108,205
108,205,108,206
108,206,108,207
108,207,108,208
108,208,108,209
108,209,108,210
108,210,108,211
108,211,108,212
108,212,108,213
108,213,108,214
108,214,108,215
108,215,108,216
108,216,108,217
108,217,108,218
108,218,108,219
108,219,108,347
108,222,108,223
108,223,108,224
108,224,108,225
108,225,108,226
108,226,108,351
108,227,108,228
108,228,108,229
108,229,108,230
108,230,108,231
108,231,108,232
108,232,108,233
108,233,108,397
108,234,108,235
108,235,108,236
108,236,108,237
108,237,108,238
108,238,108,239
108,239,108,240
108,240,108,241
108,241,108,242
108,242,108,243
108,243,108,244
108,244,108,245
108,245,108,246
108,246,108,247
108,247,108,352
108,248,108,399
108,248,108,400
108,248,108,403
108,249,108,250
108,250,108,407
108,251,108,354
108,252,108,355
108,253,108,254
108,254,108,255
108,255,108,256
108,256,108,257
108,257,108,258
108,258,108,259
108,259,108,260
108,260,108,261
108,261,108,262
108,262,108,263
108,263,108,264
108,264,108,356
108,265,108,266
108,266,108,267
108,267,108,268
108,268,108,269
108,269,108,270
108,270,108,271
108,271,108,272
108,271,108,273
108,272,108,284
108,273,108,274
108,274,108,275
108,275,108,276
108,276,108,277
108,277,108,278
108,278,108,279
108,279,108,280
108,280,108,281
108,281,108,282
108,282,108,283
108,284,108,285
108,285,108,286
108,286,108,287
108,287,108,288
108,288,108,289
108,289,108,290
108,290,108,357
108,291,108,292
108,292,108,293
108,293,108,294
108,294,108,295
108,295,108,296
108,296,108,297
108,297,108,298
108,298,108,299
108,299,108,300
108,300,108,301
108,301,108,302
108,302,108,303
108,303,108,304
108,304,108,305
108,305,108,306
108,306,108,307
108,307,108,308
108,308,108,408
108,309,108,310
108,310,108,311
108,311,108,312
108,312,108,313
108,313,108,314
108,314,108,315
108,315,108,316
108,316,108,317
108,318,108,118
108,319,108,320
108,319,108,321
108,319,108,322
108,320,108,329
108,321,108,324
108,322,108,119
108,323,108,121
108,324,108,325
108,325,108,326
108,326,108,327
108,327,108,328
108,328,108,122
108,329,108,330
108,330,108,331
108,331,108,332
108,332,108,333
108,333,108,334
108,334,108,335
108,335,108,336
108,336,108,122
108,337,108,127
108,338,108,339
108,339,108,162
108,340,108,341
108,341,108,182
108,342,108,193
108,343,108,344
108,344,108,345
108,345,108,346
108,346,108,199
108,347,108,348
108,348,108,349
108,349,108,350
108,350,108,222
108,351,108,227
108,352,108,353
108,353,108,248
108,354,108,252
108,355,108,253
108,356,108,265
108,357,108,291
108,358,108,361
108,359,108,368
108,360,108,372
108,361,108,362
108,362,108,363
108,363,108,364
108,364,108,365
108,365,108,366
108,366,108,367
108,367,108,112
108,368,108,369
108,369,108,370
108,370,108,371
108,371,108,112
108,372,108,373
108,373,108,374
108,374,108,375
108,375,108,376
108,376,108,112
108,377,108,380
108,378,108,383
108,379,108,386
108,380,108,381
108,381,108,382
108,382,108,340
108,383,108,384
108,384,108,385
108,385,108,340
108,386,108,387
108,387,108,388
108,388,108,340
108,389,108,392
108,390,108,392
108,391,108,392
108,392,108,393
108,393,108,394
108,394,108,395
108,395,108,396
108,396,108,343
108,397,108,398
108,398,108,234
108,399,108,249
108,400,108,401
108,401,108,402
108,402,108,250
108,403,108,404
108,404,108,405
108,405,108,406
108,406,108,250
108,407,108,251
108,408,108,409
108,409,108,309
108,410,108,19
109,0,109,1
109,1,109,2
109,2,109,3
109,3,109,4
109,4,109,5
109,5,109,19
109,6,109,7
109,7,109,8
109,8,109,9
109,9,109,10
109,10,109,11
109,11,109,12
109,12,109,13
109,13,109,20
109,14,109,15
109,15,109,16
109,16,109,17
109,17,109,18
109,19,109,6
109,20,109,14
110,0,110,1
110,1,110,2
110,2,110,4
110,4,110,5
110,5,110,6
110,6,110,7
110,7,110,8
110,8,110,9
110,9,110,10
110,10,110,11
110,11,110,12
110,12,110,13
110,13,110,14
110,14,110,15
110,15,110,16
110,16,110,17
110,17,110,18
110,18,110,19
110,19,110,20
110,20,110,21
110,21,110,22
110,22,110,23
110,23,110,24
110,24,110,25
110,25,110,26
110,26,110,27
110,27,110,28
110,28,110,29
110,29,110,30
110,30,110,31
110,31,110,32
110,32,110,33
110,33,110,34
110,34,110,35
110,35,110,36
110,36,110,37
110,37,110,38
110,38,110,39
110,39,110,40
110,40,110,41
110,41,110,42
110,41,110,43
110,41,110,44
110,42,110,45
110,43,110,46
110,44,110,47
110,45,110,48
110,46,110,48
110,47,110,48
110,48,110,49
110,49,110,50
110,50,110,51
110,51,110,52
110,52,110,53
110,53,110,54
110,54,110,55
110,55,110,56
110,56,110,57
110,57,110,58
110,58,110,61
110,61,110,62
110,62,110,63
110,63,110,64
110,63,110,65
110,63,110,66
110,64,110,67
110,65,110,127
110,66,110,131
110,67,110,68
110,68,110,126
110,69,110,70
110,70,110,71
110,71,110,72
110,72,110,73
110,73,110,74
110,74,110,75
110,75,110,76
110,76,110,77
110,77,110,78
110,78,110,79
110,79,110,80
110,80,110,81
110,81,110,82
110,82,110,83
110,83,110,84
110,84,110,85
110,85,110,86
110,86,110,87
110,86,110,88
110,86,110,89
110,87,110,90
110,88,110,100
110,89,110,112
110,90,110,91
110,91,110,92
110,92,110,93
110,93,110,94
110,94,110,95
110,95,110,96
110,96,110,97
110,97,110,98
110,97,110,99
110,99,113,0
110,100,110,101
110,101,110,102
110,102,110,103
110,103,110,104
110,104,110,105
110,105,110,106
110,106,110,107
110,107,110,108
110,108,110,109
110,109,110,110
110,110,110,111
110,111,110,98
110,111,110,99
110,112,110,113
110,113,110,114
110,114,110,115
110,115,110,116
110,116,110,117
110,117,110,118
110,118,110,119
110,119,110,120
110,120,110,121
110,121,110,122
110,122,110,123
110,123,110,125
110,124,110,98
110,124,110,99
110,125,110,124
110,126,110,69
110,127,110,128
110,128,110,129
110,129,110,69
110,131,110,132
110,132,110,133
110,133,110,69
111,0,111,1
111,1,111,2
111,2,111,3
111,3,111,4
111,4,111,5
111,5,111,6
111,6,111,7
111,7,111,8
111,8,111,9
111,9,111,10
111,10,111,11
111,11,111,12
111,12,111,13
111,13,111,14
111,14,111,15
111,15,111,16
111,16,111,17
111,17,111,18
111,17,111,19
111,19,113,0
112,0,112,1
112,1,112,2
112,2,112,3
112,2,112,4
112,2,112,5
112,3,112,8
112,4,112,7
112,5,112,6
112,6,112,9
112,7,112,9
112,8,112,9
112,9,112,10
112,10,112,11
112,11,112,12
112,11,112,13
112,11,112,14
112,12,112,15
112,13,112,16
112,14,112,17
112,15,112,18
112,16,112,18
112,17,112,18
112,18,112,19
112,19,112,20
112,20,112,21
112,21,112,22
112,21,112,23
112,21,112,24
112,22,112,27
112,23,112,26
112,24,112,25
112,25,112,28
112,26,112,28
112,27,112,28
112,28,112,29
112,29,112,30
112,30,112,31
112,31,112,32
112,31,112,33
112,31,112,34
112,32,112,35
112,33,112,36
112,34,112,37
112,35,112,38
112,36,112,38
112,37,112,38
112,38,112,39
112,39,112,40
112,40,112,41
112,41,112,42
112,42,112,43
112,43,112,44
112,44,112,45
112,45,112,46
112,46,112,47
112,47,112,48
112,48,112,49
112,49,112,50
112,49,112,51
112,49,112,52
112,50,112,57
112,51,112,55
112,52,112,53
112,53,112,54
112,54,112,59
112,55,112,56
112,56,112,59
112,57,112,58
112,58,112,59
112,59,112,60
112,60,112,61
112,61,112,62
112,62,112,63
112,63,112,64
112,64,112,65
112,65,112,66
112,66,112,67
112,67,112,68
112,68,112,69
112,69,112,70
112,70,112,71
112,71,112,72
112,72,112,73
112,73,112,74
112,74,112,75
112,75,112,76
112,76,112,77
112,77,112,78
112,78,112,79
112,79,112,80
112,80,112,81
112,81,112,82
112,82,112,83
112,83,112,84
112,84,112,85
112,85,112,86
112,86,112,87
112,87,112,88
112,88,112,89
112,89,112,90
112,89,112,91
112,91,113,0
113,0,113,1
113,1,113,2
113,2,113,3
113,3,113,4
113,4,113,5
113,5,113,6
113,6,113,7
113,7,113,8
113,8,113,9
113,9,113,10
113,10,113,24
113,11,113,12
113,12,113,13
113,13,113,14
113,14,113,15
113,15,113,16
113,16,113,17
113,17,113,18
113,18,113,19
113,19,113,20
113,20,113,21
113,21,113,25
113,22,113,23
113,24,113,11
113,25,113,22
114,0,114,1
114,1,114,2
114,2,114,3
114,3,114,4
114,4,114,5
114,5,114,6
114,6,114,7
114,7,114,8
114,8,114,9
114,9,114,10
114,10,114,11
114,11,114,12
114,12,114,13
114,13,114,14
114,14,114,15
114,15,114,16
114,16,114,17
114,17,114,18
114,18,114,19
114,19,114,20
114,20,114,21
114,21,114,22
114,22,114,23
114,23,114,24
114,24,114,25
114,25,114,26
114,26,114,27
114,27,114,28
114,28,114,29
114,29,114,30
114,30,114,31
114,31,114,32
114,32,114,33
114,33,114,34
114,34,114,35
114,35,114,36
114,36,114,37
114,37,114,38
114,38,114,39
114,39,114,40
114,39,114,421
114,39,114,422
114,40,114,423
114,41,114,424
114,42,114,43
114,43,114,44
114,44,114,45
114,45,114,46
114,46,114,47
114,47,114,48
114,48,114,49
114,49,114,50
114,50,114,413
114,51,114,52
114,52,114,53
114,53,114,54
114,54,114,55
114,55,114,56
114,56,114,57
114,57,114,58
114,58,114,59
114,59,114,60
114,60,114,61
114,61,114,430
114,61,114,431
114,61,114,432
114,62,114,63
114,63,114,64
114,64,114,65
114,65,114,66
114,66,114,67
114,67,114,68
114,68,114,69
114,69,114,70
114,70,114,72
114,72,114,73
114,73,114,74
114,74,114,76
114,76,114,438
114,77,114,415
114,78,114,416
114,79,114,80
114,80,114,81
114,81,114,82
114,82,114,83
114,83,114,84
114,84,114,85
114,85,114,86
114,86,114,87
114,87,114,88
114,88,114,89
114,89,114,91
114,91,114,92
114,92,114,93
114,93,114,94
114,94,114,95
114,95,114,96
114,96,114,97
114,97,114,98
114,98,114,99
114,99,114,100
114,100,114,101
114,101,114,102
114,102,114,103
114,103,114,104
114,104,114,105
114,105,114,106
114,106,114,107
114,107,114,108
114,108,114,109
114,109,114,110
114,110,114,111
114,111,114,112
114,112,114,113
114,113,114,114
114,114,114,115
114,115,114,116
114,116,114,117
114,117,114,118
114,118,114,119
114,119,114,120
114,120,114,121
114,121,114,122
114,122,114,123
114,123,114,441
114,123,114,442
114,123,114,444
114,124,114,125
114,125,114,126
114,126,114,127
114,127,114,128
114,128,114,129
114,129,114,130
114,130,114,131
114,131,114,132
114,132,114,133
114,133,114,134
114,134,114,135
114,135,114,136
114,136,114,137
114,137,114,138
114,138,114,139
114,139,114,140
114,140,114,141
114,141,114,142
114,142,114,143
114,143,114,144
114,144,114,145
114,145,114,146
114,146,114,147
114,147,114,148
114,148,114,149
114,149,114,150
114,150,114,151
114,151,114,152
114,152,114,153
114,153,114,154
114,154,114,155
114,155,114,156
114,156,114,157
114,157,114,158
114,158,114,159
114,159,114,160
114,160,114,450
114,160,114,452
114,160,114,454
114,161,114,162
114,162,114,417
114,163,114,164
114,164,114,165
114,165,114,166
114,166,114,167
114,167,114,168
114,168,114,169
114,169,114,170
114,170,114,171
114,171,114,172
114,172,114,456
114,173,114,174
114,174,114,175
114,175,114,176
114,176,114,177
114,177,114,178
114,177,114,467
114,178,114,179
114,179,114,180
114,180,114,181
114,181,114,182
114,182,114,183
114,183,114,184
114,184,114,185
114,185,114,186
114,185,114,470
114,185,114,473
114,186,114,471
114,187,114,188
114,188,114,189
114,189,114,190
114,190,114,191
114,191,114,192
114,192,114,193
114,193,114,194
114,194,114,195
114,195,114,196
114,196,114,197
114,197,114,198
114,198,114,199
114,199,114,200
114,200,114,201
114,201,114,202
114,202,114,203
114,203,114,204
114,204,114,205
114,205,114,418
114,206,114,207
114,207,114,475
114,207,114,476
114,207,114,478
114,208,114,209
114,209,114,210
114,210,114,211
114,211,114,212
114,212,114,213
114,213,114,214
114,214,114,215
114,215,114,216
114,216,114,217
114,217,114,218
114,218,114,219
114,219,114,220
114,220,114,221
114,221,114,222
114,222,114,223
114,223,114,224
114,224,114,225
114,225,114,226
114,226,114,227
114,227,114,228
114,228,114,229
114,229,114,230
114,230,114,231
114,231,114,232
114,232,114,233
114,233,114,234
114,234,114,235
114,235,114,236
114,236,114,237
114,237,114,238
114,238,114,239
114,239,114,240
114,240,114,241
114,241,114,242
114,242,114,243
114,243,114,244
114,244,114,245
114,245,114,246
114,246,114,247
114,247,114,248
114,248,114,249
114,249,114,250
114,250,114,251
114,251,114,252
114,252,114,253
114,253,114,480
114,253,114,481
114,253,114,485
114,254,114,255
114,255,114,256
114,256,114,257
114,257,114,258
114,258,114,259
114,259,114,260
114,260,114,261
114,261,114,262
114,262,114,263
114,263,114,264
114,264,114,265
114,265,114,266
114,266,114,267
114,267,114,268
114,268,114,269
114,269,114,270
114,270,114,271
114,271,114,272
114,272,114,273
114,273,114,274
114,274,114,275
114,275,114,276
114,276,114,277
114,277,114,278
114,278,114,279
114,279,114,280
114,280,114,281
114,281,114,282
114,282,114,283
114,283,114,284
114,284,114,285
114,285,114,286
114,286,114,287
114,287,114,288
114,288,114,289
114,289,114,290
114,290,114,291
114,291,114,292
114,292,114,293
114,293,114,294
114,294,114,295
114,295,114,296
114,296,114,297
114,297,114,298
114,298,114,299
114,299,114,300
114,300,114,301
114,301,114,302
114,302,114,303
114,303,114,304
114,304,114,305
114,305,114,306
114,306,114,307
114,307,114,308
114,308,114,309
114,309,114,310
114,310,114,311
114,311,114,312
114,312,114,313
114,313,114,314
114,314,114,315
114,315,114,316
114,316,114,317
114,317,114,318
114,318,114,319
114,319,114,320
114,320,114,321
114,321,114,322
114,322,114,323
114,323,114,324
114,324,114,325
114,325,114,326
114,326,114,327
114,327,114,328
114,328,114,329
114,329,114,330
114,330,114,331
114,331,114,332
114,332,114,333
114,333,114,334
114,334,114,335
114,335,114,336
114,336,114,337
114,337,114,338
114,338,114,339
114,339,114,340
114,340,114,341
114,341,114,342
114,342,114,343
114,343,114,344
114,344,114,345
114,345,114,346
114,346,114,347
114,347,114,348
114,348,114,349
114,349,114,350
114,350,114,351
114,351,114,352
114,352,114,488
114,352,114,489
114,352,114,493
114,353,114,354
114,354,114,355
114,355,114,356
114,356,114,357
114,357,114,358
114,358,114,359
114,359,114,360
114,360,114,361
114,361,114,362
114,362,114,363
114,363,114,364
114,364,114,500
114,365,114,366
114,366,114,367
114,367,114,368
114,368,114,369
114,369,114,370
114,370,114,371
114,371,114,372
114,372,114,373
114,373,114,374
114,374,114,375
114,375,114,376
114,376,114,377
114,377,114,378
114,378,114,379
114,379,114,380
114,380,114,381
114,381,114,419
114,381,114,502
114,381,114,510
114,382,114,383
114,383,114,384
114,384,114,385
114,385,114,386
114,386,114,387
114,387,114,388
114,388,114,389
114,389,114,390
114,390,114,391
114,391,114,392
114,392,114,393
114,393,114,394
114,394,114,395
114,395,114,396
114,396,114,397
114,397,114,398
114,398,114,399
114,399,114,400
114,400,114,401
114,401,114,402
114,402,114,403
114,403,114,404
114,404,114,405
114,405,114,406
114,406,114,407
114,407,114,408
114,408,114,409
114,409,114,410
114,410,114,411
114,411,114,412
114,413,114,414
114,414,114,51
114,415,114,78
114,416,114,79
114,417,114,163
114,418,114,206
114,419,114,501
114,420,114,382
114,421,114,425
114,422,114,428
114,423,114,41
114,424,114,42
114,425,114,426
114,426,114,427
114,427,114,424
114,428,114,429
114,429,114,424
114,430,114,435
114,431,114,62
114,432,114,433
114,433,114,434
114,434,114,65
114,435,114,436
114,436,114,437
114,437,114,64
114,438,114,439
114,439,114,440
114,440,114,77
114,441,114,124
114,442,114,443
114,443,114,127
114,444,114,445
114,445,114,446
114,446,114,447
114,447,114,448
114,448,114,449
114,449,114,127
114,450,114,451
114,451,114,161
114,452,114,453
114,453,114,161
114,454,114,455
114,455,114,161
114,456,114,457
114,456,114,458
114,456,114,459
114,457,114,460
114,458,114,461
114,459,114,462
114,460,114,173
114,461,114,173
114,462,114,463
114,463,114,464
114,464,114,465
114,465,114,466
114,466,114,173
114,467,114,468
114,468,114,469
114,469,114,179
114,470,114,472
114,471,114,187
114,472,114,187
114,473,114,474
114,474,114,187
114,475,114,208
114,476,114,477
114,477,114,209
114,478,114,479
114,479,114,209
114,480,114,254
114,481,114,482
114,482,114,483
114,483,114,484
114,484,114,256
114,485,114,516
114,486,114,487
114,487,114,256
114,488,114,353
114,489,114,490
114,490,114,491
114,491,114,492
114,492,114,355
114,493,114,494
114,494,114,495
114,495,114,496
114,496,114,497
114,497,114,498
114,498,114,499
114,499,114,355
114,500,114,365
114,501,114,420
114,502,114,503
114,503,114,504
114,504,114,505
114,505,114,506
114,506,114,507
114,507,114,508
114,508,114,509
114,509,114,382
114,510,114,511
114,511,114,512
114,512,114,513
114,513,114,514
114,514,114,515
114,515,114,382
114,516,114,486
115,0,115,4
115,4,115,5
115,5,115,6
115,6,115,7
115,7,115,95
115,8,115,10
115,9,115,8
115,10,115,96
115,11,115,12
115,12,115,13
115,13,115,14
115,14,115,15
115,15,115,16
115,16,115,17
115,17,115,91
115,18,115,19
115,19,115,20
115,19,115,21
115,19,115,22
115,20,115,23
115,21,115,24
115,22,115,25
115,23,115,26
115,24,115,28
115,25,115,31
115,26,115,27
115,27,115,34
115,28,115,29
115,29,115,30
115,30,115,34
115,31,115,32
115,32,115,33
115,33,115,34
115,34,115,35
115,35,115,36
115,36,115,37
115,37,115,38
115,38,115,39
115,39,115,40
115,40,115,41
115,41,115,42
115,42,115,43
115,43,115,44
115,44,115,45
115,45,115,46
115,46,115,47
115,47,115,48
115,48,115,49
115,49,115,97
115,50,115,51
115,51,115,98
115,52,115,53
115,52,115,54
115,52,115,55
115,53,115,56
115,54,115,78
115,55,115,79
115,56,115,57
115,57,115,58
115,58,115,59
115,59,115,60
115,60,115,61
115,61,115,62
115,62,115,63
115,63,115,64
115,64,115,66
115,66,115,67
115,67,115,68
115,68,115,69
115,69,115,70
115,70,115,71
115,71,115,72
115,72,115,73
115,73,115,74
115,74,115,75
115,75,115,76
115,76,115,99
115,78,115,84
115,79,115,80
115,80,115,81
115,81,115,82
115,82,115,93
115,84,115,85
115,85,115,86
115,86,115,87
115,87,115,88
115,88,115,89
115,89,115,94
115,91,115,18
115,92,130,0
115,93,130,0
115,94,130,0
115,95,115,9
115,96,115,11
115,97,115,50
115,98,115,52
115,99,115,100
115,100,115,92
116,0,116,10
116,5,119,0
116,10,116,11
116,11,116,12
116,12,116,13
116,12,116,14
116,13,116,16
116,14,116,15
116,15,116,21
116,16,116,17
116,17,116,18
116,18,116,19
116,19,116,20
116,20,116,21
116,21,116,22
116,22,116,23
116,23,116,24
116,24,116,25
116,25,116,26
116,26,116,28
116,28,116,29
116,29,116,30
116,30,116,31
116,31,116,32
116,32,116,33
116,33,116,34
116,34,116,35
116,35,116,36
116,36,116,37
116,37,116,38
116,38,116,39
116,39,116,40
116,40,116,41
116,41,116,42
116,42,116,43
116,43,116,44
116,43,116,45
116,43,116,46
116,44,116,47
116,45,116,68
116,46,116,83
116,47,116,48
116,48,116,49
116,49,116,50
116,50,116,51
116,51,116,52
116,52,116,53
116,53,116,54
116,54,116,55
116,55,116,56
116,56,116,57
116,57,116,58
116,58,116,59
116,59,116,60
116,60,116,61
116,61,116,62
116,62,116,63
116,63,116,100
116,64,116,65
116,65,116,66
116,66,116,5
116,68,116,69
116,69,116,70
116,70,116,71
116,71,116,72
116,72,116,73
116,73,116,74
116,74,116,75
116,75,116,76
116,76,116,77
116,77,116,78
116,78,116,79
116,79,116,80
116,80,116,81
116,81,116,82
116,82,116,104
116,83,116,84
116,84,116,85
116,85,116,86
116,86,116,87
116,87,116,88
116,88,116,89
116,89,116,90
116,90,116,91
116,91,116,92
116,92,116,93
116,93,116,94
116,94,116,95
116,95,116,96
116,96,116,97
116,97,116,98
116,98,116,99
116,99,116,64
116,100,116,101
116,101,116,102
116,102,116,103
116,103,116,64
116,104,116,105
116,105,116,64
118,0,118,1
118,1,118,2
118,2,118,3
118,3,118,4
118,4,118,5
118,5,118,6
118,6,118,7
119,0,119,1
119,1,119,2
119,2,119,3
119,3,119,4
119,4,119,5
119,5,119,6
119,6,119,7
119,7,119,8
119,8,119,9
119,9,119,10
119,10,119,11
119,11,119,12
119,12,119,13
119,13,119,14
119,14,119,15
119,15,119,16
119,16,119,17
119,17,119,18
119,18,119,19
119,19,119,20
119,20,119,21
119,21,119,22
119,22,119,23
119,23,119,24
119,24,119,25
119,25,119,26
119,26,119,27
119,27,119,28
119,28,119,29
119,29,119,30
119,30,119,31
119,31,119,32
119,32,119,33
119,33,119,34
119,34,119,35
119,34,119,515
119,34,119,519
119,35,119,36
119,36,119,513
119,37,119,38
119,38,119,39
119,39,119,40
119,40,119,41
119,41,119,42
119,42,119,43
119,43,119,44
119,44,119,45
119,45,119,46
119,46,119,47
119,47,119,48
119,48,119,49
119,49,119,50
119,50,119,51
119,51,119,52
119,52,119,53
119,53,119,54
119,54,119,55
119,55,119,56
119,56,119,57
119,57,119,58
119,58,119,59
119,59,119,60
119,60,119,61
119,60,119,62
119,60,119,63
119,61,119,64
119,62,119,72
119,63,119,73
119,64,119,65
119,65,119,66
119,66,119,67
119,67,119,68
119,68,119,69
119,69,119,70
119,70,119,71
119,71,119,77
119,72,119,71
119,73,119,74
119,74,119,75
119,75,119,76
119,76,119,71
119,77,119,78
119,78,119,79
119,79,119,80
119,80,119,81
119,81,119,82
119,81,119,523
119,81,119,524
119,82,119,83
119,83,119,84
119,84,119,85
119,85,119,86
119,86,119,87
119,87,119,88
119,88,119,89
119,89,119,90
119,90,119,91
119,91,119,92
119,92,119,93
119,93,119,94
119,94,119,95
119,95,119,96
119,96,119,97
119,97,119,98
119,98,119,99
119,99,119,100
119,100,119,493
119,101,119,102
119,102,119,103
119,103,119,104
119,104,119,105
119,105,119,106
119,106,119,107
119,107,119,108
119,108,119,109
119,109,119,110
119,110,119,111
119,111,119,112
119,112,119,113
119,113,119,114
119,114,119,115
119,115,119,116
119,116,119,117
119,117,119,118
119,118,119,119
119,119,119,120
119,120,119,121
119,121,119,122
119,122,119,123
119,123,119,124
119,124,119,125
119,125,119,126
119,126,119,127
119,127,119,128
119,128,119,129
119,129,119,525
119,129,119,526
119,129,119,528
119,130,119,131
119,131,119,132
119,132,119,133
119,133,119,134
119,134,119,135
119,135,119,136
119,136,119,137
119,137,119,138
119,138,119,139
119,139,119,140
119,140,119,141
119,141,119,142
119,142,119,143
119,143,119,144
119,144,119,145
119,145,119,146
119,146,119,147
119,147,119,148
119,148,119,149
119,149,119,150
119,150,119,151
119,151,119,152
119,152,119,153
119,153,119,154
119,154,119,155
119,155,119,156
119,156,119,157
119,157,119,158
119,158,119,159
119,159,119,160
119,160,119,161
119,161,119,162
119,162,119,163
119,163,119,164
119,164,119,165
119,165,119,166
119,166,119,167
119,167,119,168
119,168,119,169
119,169,119,170
119,170,119,171
119,171,119,172
119,172,119,173
119,173,119,174
119,174,119,175
119,175,119,176
119,176,119,177
119,177,119,178
119,178,119,179
119,179,119,180
119,180,119,181
119,181,119,182
119,182,119,183
119,183,119,184
119,184,119,185
119,185,119,186
119,186,119,187
119,187,119,188
119,188,119,189
119,189,119,190
119,190,119,191
119,191,119,192
119,192,119,193
119,193,119,194
119,194,119,195
119,195,119,196
119,196,119,197
119,197,119,198
119,198,119,199
119,199,119,200
119,200,119,201
119,201,119,202
119,202,119,203
119,203,119,204
119,204,119,205
119,205,119,206
119,206,119,207
119,207,119,208
119,208,119,209
119,209,119,210
119,210,119,211
119,211,119,212
119,212,119,213
119,213,119,214
119,214,119,215
119,215,119,216
119,216,119,217
119,217,119,218
119,218,119,219
119,219,119,220
119,220,119,221
119,221,119,222
119,222,119,223
119,223,119,224
119,224,119,225
119,225,119,226
119,226,119,227
119,227,119,228
119,228,119,229
119,229,119,230
119,230,119,231
119,231,119,531
119,231,119,532
119,231,119,534
119,232,119,233
119,233,119,234
119,234,119,235
119,235,119,236
119,236,119,237
119,237,119,238
119,238,119,239
119,239,119,240
119,240,119,241
119,241,119,242
119,242,119,243
119,243,119,244
119,244,119,245
119,245,119,246
119,246,119,247
119,247,119,248
119,248,119,249
119,249,119,250
119,250,119,251
119,251,119,252
119,252,119,253
119,253,119,254
119,253,119,255
119,253,119,256
119,254,119,257
119,255,119,259
119,256,119,269
119,257,119,258
119,258,119,277
119,259,119,260
119,260,119,261
119,261,119,262
119,262,119,263
119,263,119,264
119,264,119,265
119,265,119,266
119,266,119,267
119,267,119,268
119,268,119,277
119,269,119,270
119,270,119,271
119,271,119,272
119,272,119,273
119,273,119,274
119,274,119,275
119,275,119,276
119,276,119,277
119,277,119,278
119,278,119,279
119,279,119,280
119,280,119,281
119,281,119,282
119,282,119,283
119,283,119,284
119,284,119,285
119,285,119,286
119,286,119,287
119,287,119,288
119,288,119,289
119,289,119,290
119,290,119,291
119,291,119,292
119,292,119,293
119,293,119,294
119,294,119,295
119,295,119,296
119,296,119,297
119,297,119,298
119,298,119,299
119,299,119,300
119,300,119,301
119,301,119,302
119,302,119,303
119,303,119,304
119,304,119,305
119,305,119,306
119,306,119,307
119,307,119,308
119,308,119,309
119,309,119,310
119,310,119,311
119,311,119,312
119,312,119,313
119,313,119,314
119,314,119,315
119,315,119,316
119,316,119,317
119,317,119,318
119,318,119,319
119,319,119,320
119,320,119,321
119,321,119,322
119,322,119,323
119,323,119,324
119,324,119,537
119,324,119,539
119,324,119,543
119,325,119,326
119,326,119,327
119,327,119,328
119,328,119,538
119,329,119,330
119,330,119,331
119,331,119,332
119,332,119,333
119,333,119,334
119,334,119,335
119,335,119,336
119,336,119,337
119,337,119,338
119,338,119,339
119,339,119,340
119,340,119,341
119,341,119,342
119,342,119,343
119,343,119,344
119,344,119,345
119,345,119,346
119,346,119,347
119,347,119,348
119,348,119,349
119,349,119,350
119,350,119,351
119,351,119,352
119,352,119,353
119,353,119,354
119,354,119,355
119,355,119,356
119,356,119,357
119,357,119,358
119,358,119,359
119,358,119,360
119,358,119,545
119,359,119,361
119,360,119,366
119,361,119,362
119,362,119,363
119,363,119,364
119,364,119,365
119,365,119,369
119,366,119,367
119,367,119,368
119,368,119,369
119,369,119,370
119,370,119,371
119,371,119,372
119,372,119,373
119,373,119,374
119,374,119,375
119,375,119,376
119,376,119,377
119,377,119,378
119,378,119,379
119,379,119,380
119,380,119,381
119,381,119,382
119,382,119,383
119,383,119,384
119,384,119,385
119,385,119,386
119,386,119,387
119,387,119,388
119,388,119,389
119,389,119,390
119,390,119,391
119,391,119,392
119,392,119,393
119,393,119,394
119,394,119,395
119,395,119,396
119,396,119,397
119,397,119,398
119,398,119,399
119,399,119,400
119,400,119,401
119,401,119,402
119,402,119,403
119,403,119,404
119,404,119,405
119,405,119,406
119,406,119,407
119,407,119,408
119,408,119,409
119,409,119,410
119,410,119,411
119,411,119,412
119,412,119,413
119,413,119,414
119,414,119,415
119,415,119,416
119,416,119,417
119,417,119,418
119,418,119,419
119,419,119,420
119,420,119,421
119,421,119,422
119,422,119,423
119,423,119,424
119,424,119,425
119,425,119,553
119,426,119,427
119,427,119,428
119,428,119,429
119,429,119,430
119,430,119,431
119,431,119,432
119,432,119,433
119,433,119,434
119,434,119,435
119,435,119,436
119,436,119,437
119,437,119,438
119,438,119,439
119,439,119,440
119,440,119,441
119,441,119,442
119,442,119,443
119,443,119,444
119,444,119,445
119,445,119,446
119,446,119,447
119,447,119,448
119,448,119,554
119,448,119,555
119,448,119,556
119,449,119,450
119,450,119,451
119,451,119,452
119,452,119,453
119,453,119,454
119,454,119,455
119,455,119,456
119,456,119,457
119,457,119,458
119,458,119,459
119,459,119,460
119,460,119,461
119,461,119,462
119,462,119,463
119,463,119,464
119,464,119,465
119,465,119,466
119,466,119,467
119,467,119,468
119,468,119,469
119,469,119,470
119,470,119,471
119,471,119,472
119,472,119,473
119,473,119,474
119,474,119,495
119,477,119,478
119,478,119,479
119,479,119,480
119,480,119,481
119,481,119,482
119,482,119,483
119,483,119,484
119,484,119,485
119,485,119,486
119,486,119,487
119,487,119,488
119,488,119,489
119,489,119,490
119,490,119,491
119,491,119,492
119,493,119,494
119,494,119,101
119,495,119,496
119,496,119,497
119,497,119,498
119,498,119,499
119,498,119,500
119,499,119,501
119,500,119,510
119,501,119,502
119,502,119,503
119,503,119,504
119,504,119,505
119,505,119,506
119,506,119,507
119,507,119,508
119,508,119,509
119,509,119,477
119,510,119,511
119,511,119,477
119,513,119,514
119,514,119,37
119,515,119,516
119,516,119,517
119,517,119,518
119,518,119,37
119,519,119,520
119,520,119,521
119,521,119,522
119,522,119,37
119,523,119,83
119,524,119,83
119,525,119,130
119,526,119,527
119,527,119,131
119,528,119,530
119,530,119,131
119,531,119,232
119,532,119,533
119,533,119,233
119,534,119,535
119,535,119,536
119,536,119,233
119,537,119,325
119,538,119,329
119,539,119,540
119,540,119,541
119,541,119,542
119,542,119,329
119,543,119,544
119,544,119,329
119,545,119,546
119,546,119,547
119,547,119,548
119,548,119,549
119,549,119,550
119,550,119,551
119,551,119,552
119,552,119,369
119,553,119,426
119,554,119,557
119,555,119,558
119,556,119,560
119,557,119,449
119,558,119,559
119,559,119,450
119,560,119,561
119,561,119,450
120,0,120,1
120,1,120,2
120,2,120,3
120,3,120,4
120,4,120,5
120,5,120,6
120,6,120,7
120,7,120,8
120,8,120,9
120,9,120,10
120,10,120,11
120,11,120,12
120,12,120,13
120,13,120,14
120,14,120,15
120,15,120,16
120,16,120,17
120,17,120,18
120,18,120,19
120,19,120,20
120,20,120,21
120,21,120,22
120,22,120,23
120,23,120,24
120,24,120,25
120,25,120,26
120,26,120,27
120,27,120,28
120,28,120,29
120,29,120,30
120,30,120,31
120,31,120,32
120,32,120,33
120,33,120,34
120,34,120,35
120,35,120,36
120,36,120,37
120,37,120,38
120,38,120,39
120,39,120,64
120,39,120,65
120,39,120,68
120,40,120,41
120,41,120,42
120,42,120,43
120,43,120,44
120,44,120,45
120,45,120,46
120,46,120,61
120,47,120,48
120,48,120,49
120,49,120,50
120,50,120,51
120,51,120,52
120,52,120,53
120,53,120,54
120,54,120,55
120,55,120,56
120,56,120,57
120,57,120,58
120,58,120,59
120,59,120,60
120,61,120,62
120,62,120,63
120,63,120,47
120,64,120,40
120,65,120,66
120,66,120,67
120,67,120,44
120,68,120,69
120,69,120,44
121,0,121,9
121,9,121,10
121,10,121,11
121,11,121,12
121,12,121,13
121,13,121,14
121,14,121,15
121,15,121,16
121,16,121,17
121,17,121,18
121,18,121,19
121,19,121,20
121,20,121,21
121,21,121,22
121,21,121,23
121,21,121,24
121,22,121,25
121,23,121,125
121,24,121,33
121,25,121,26
121,26,121,27
121,27,121,28
121,28,121,35
121,29,121,30
121,30,121,31
121,31,121,32
121,32,121,28
121,33,121,34
121,34,121,35
121,35,121,36
121,36,121,49
121,49,121,50
121,50,121,52
121,52,121,53
121,53,121,54
121,53,121,55
121,53,121,56
121,54,121,57
121,55,121,60
121,56,121,62
121,57,121,58
121,58,121,59
121,59,121,65
121,60,121,61
121,61,121,65
121,62,121,63
121,63,121,64
121,64,121,65
121,65,121,66
121,66,121,67
121,67,121,68
121,67,121,69
121,68,121,70
121,69,121,72
121,70,121,71
121,71,121,76
121,72,121,73
121,73,121,74
121,74,121,75
121,75,121,76
121,76,121,77
121,77,121,78
121,78,121,79
121,79,121,80
121,80,121,81
121,81,121,82
121,82,121,83
121,83,121,84
121,84,121,85
121,85,121,86
121,86,121,87
121,87,121,88
121,88,121,89
121,89,121,90
121,90,121,91
121,91,121,92
121,92,121,93
121,93,121,94
121,94,121,95
121,95,121,96
121,96,121,126
121,97,121,98
121,98,121,99
121,99,121,100
121,100,121,101
121,101,121,102
121,102,121,103
121,102,121,104
121,103,121,105
121,104,121,113
121,105,121,106
121,106,121,107
121,107,121,108
121,108,121,109
121,109,121,110
121,110,121,111
121,111,121,112
121,111,121,127
121,113,121,115
121,115,121,116
121,116,121,117
121,117,121,118
121,118,121,119
121,119,121,120
121,120,121,121
121,121,121,122
121,122,121,123
121,123,121,112
121,123,121,127
121,125,121,29
121,126,121,97
121,127,124,0
122,0,122,12
122,12,122,13
122,13,122,14
122,14,122,15
122,15,122,16
122,16,122,17
122,17,122,18
122,18,122,19
122,19,122,20
122,20,122,21
122,21,122,39
122,39,122,137
122,40,122,41
122,41,122,42
122,42,122,43
122,43,122,44
122,43,122,45
122,43,122,46
122,44,122,47
122,45,122,49
122,46,122,51
122,47,122,48
122,48,122,53
122,49,122,50
122,50,122,138
122,51,122,52
122,52,122,53
122,53,122,54
122,54,122,55
122,55,122,56
122,56,122,57
122,57,122,58
122,58,122,59
122,59,122,60
122,60,122,61
122,61,122,62
122,62,122,63
122,63,122,64
122,64,122,65
122,65,122,66
122,66,122,67
122,67,122,68
122,68,122,69
122,69,122,71
122,69,122,70
122,69,122,72
122,70,122,73
122,71,122,90
122,72,122,85
122,73,122,74
122,74,122,75
122,75,122,76
122,76,122,77
122,77,122,78
122,78,122,79
122,79,122,80
122,80,122,82
122,82,122,83
122,83,122,136
122,84,122,139
122,85,122,86
122,86,122,87
122,87,122,88
122,88,122,89
122,89,122,90
122,90,122,91
122,91,122,92
122,92,122,93
122,93,122,94
122,94,122,96
122,96,122,97
122,97,122,98
122,98,122,99
122,99,122,100
122,99,122,101
122,100,122,102
122,101,122,109
122,102,122,103
122,103,122,104
122,104,122,105
122,105,122,106
122,106,122,107
122,107,122,108
122,108,122,117
122,109,122,110
122,110,122,111
122,111,122,112
122,112,122,113
122,113,122,114
122,114,122,140
122,115,122,116
122,115,122,133
122,117,122,118
122,118,122,119
122,119,122,120
122,120,122,141
122,121,122,122
122,122,122,123
122,122,122,124
122,123,122,125
122,124,122,128
122,125,122,126
122,126,122,127
122,126,122,135
122,128,122,129
122,129,122,130
122,130,122,131
122,131,122,132
122,131,122,134
122,133,124,0
122,134,124,0
122,135,124,0
122,136,122,84
122,137,122,40
122,138,122,53
122,139,122,90
122,140,122,115
122,141,122,142
122,142,122,143
122,143,122,144
122,144,122,145
122,145,122,146
122,146,122,121
123,0,123,13
123,13,123,14
123,14,123,15
123,15,123,16
123,16,123,17
123,17,123,18
123,18,123,19
123,19,123,20
123,20,123,114
123,21,123,24
123,22,123,27
123,23,123,32
123,24,123,25
123,25,123,26
123,26,123,36
123,27,123,28
123,28,123,29
123,29,123,30
123,30,123,31
123,31,123,53
123,32,123,33
123,33,123,34
123,34,123,35
123,35,123,53
123,36,123,37
123,37,123,38
123,38,123,39
123,39,123,40
123,40,123,41
123,40,123,42
123,40,123,43
123,41,123,44
123,42,123,47
123,43,123,49
123,44,123,45
123,45,123,46
123,46,123,118
123,47,123,48
123,48,123,51
123,49,123,50
123,50,123,51
123,51,123,52
123,52,123,53
123,53,123,54
123,54,123,55
123,55,123,56
123,55,123,57
123,56,123,58
123,57,123,58
123,58,123,59
123,59,123,60
123,60,123,61
123,61,123,62
123,62,123,63
123,63,123,64
123,64,123,65
123,65,123,66
123,66,123,67
123,67,123,68
123,68,123,69
123,69,123,70
123,70,123,71
123,71,123,119
123,72,123,73
123,72,123,74
123,73,123,75
123,74,123,77
123,75,123,76
123,76,123,85
123,77,123,78
123,78,123,79
123,79,123,80
123,80,123,81
123,81,123,82
123,82,123,83
123,83,123,84
123,83,123,112
123,85,123,86
123,86,123,87
123,87,123,88
123,88,123,89
123,89,123,90
123,89,123,91
123,89,123,92
123,90,123,93
123,91,123,100
123,92,123,106
123,93,123,94
123,94,123,95
123,95,123,96
123,96,123,97
123,97,123,120
123,98,123,99
123,98,123,113
123,100,123,101
123,101,123,102
123,102,123,103
123,103,123,104
123,104,123,121
123,105,123,99
123,105,123,113
123,106,123,107
123,107,123,108
123,108,123,109
123,109,123,110
123,110,123,123
123,111,123,99
123,111,123,113
123,112,124,0
123,113,124,0
123,114,123,115
123,115,123,116
123,116,123,117
123,117,123,22
123,117,123,23
123,117,123,21
123,118,123,51
123,119,123,72
123,120,123,98
123,121,123,122
123,122,123,105
123,123,123,111
124,0,124,1
124,1,124,2
124,2,124,3
124,3,124,4
124,4,124,5
124,5,124,6
124,6,124,7
124,7,124,8
124,8,124,9
124,9,124,10
124,10,124,11
124,11,124,12
124,12,124,13
124,13,124,14
124,14,124,15
124,15,124,16
124,16,124,17
124,17,124,18
124,18,124,19
124,19,124,20
124,20,124,21
124,21,124,22
124,22,124,23
124,23,124,24
124,24,124,25
124,25,124,26
124,26,124,27
124,27,124,28
124,28,124,29
124,29,124,359
124,29,124,360
124,30,124,31
124,31,124,331
124,31,124,337
124,31,124,342
124,32,124,33
124,33,124,34
124,34,124,35
124,35,124,36
124,36,124,37
124,37,124,368
124,37,124,369
124,37,124,370
124,38,124,39
124,39,124,40
124,40,124,41
124,41,124,42
124,42,124,346
124,42,124,347
124,42,124,350
124,43,124,44
124,44,124,45
124,45,124,46
124,46,124,47
124,47,124,48
124,48,124,49
124,49,124,50
124,50,124,51
124,51,124,52
124,52,124,53
124,53,124,54
124,54,124,55
124,55,124,56
124,56,124,57
124,57,124,58
124,58,124,59
124,59,124,60
124,60,124,61
124,61,124,62
124,62,124,63
124,63,124,64
124,64,124,65
124,65,124,66
124,66,124,67
124,67,124,68
124,68,124,69
124,69,124,70
124,70,124,71
124,71,124,72
124,72,124,73
124,73,124,74
124,74,124,75
124,75,124,76
124,76,124,77
124,77,124,78
124,78,124,79
124,79,124,80
124,80,124,81
124,81,124,82
124,82,124,83
124,83,124,84
124,84,124,85
124,85,124,86
124,86,124,87
124,87,124,88
124,88,124,89
124,89,124,90
124,90,124,91
124,91,124,92
124,92,124,93
124,93,124,94
124,94,124,95
124,95,124,96
124,96,124,97
124,97,124,98
124,98,124,99
124,99,124,354
124,99,124,355
124,99,124,356
124,100,124,101
124,101,124,102
124,102,124,103
124,103,124,104
124,104,124,105
124,105,124,106
124,106,124,107
124,107,124,108
124,108,124,109
124,109,124,110
124,110,124,111
124,111,124,112
124,112,124,113
124,113,124,114
124,114,124,115
124,115,124,116
124,116,124,117
124,117,124,118
124,118,124,119
124,119,124,120
124,120,124,121
124,121,124,122
124,122,124,123
124,123,124,124
124,124,124,125
124,125,124,126
124,126,124,127
124,127,124,128
124,128,124,129
124,129,124,130
124,130,124,131
124,131,124,132
124,132,124,133
124,133,124,134
124,134,124,135
124,135,124,136
124,136,124,137
124,137,124,138
124,138,124,139
124,139,124,140
124,140,124,141
124,141,124,142
124,142,124,143
124,143,124,144
124,144,124,145
124,145,124,146
124,146,124,147
124,147,124,148
124,148,124,149
124,149,124,150
124,150,124,151
124,151,124,152
124,152,124,153
124,153,124,154
124,154,124,155
124,155,124,156
124,156,124,157
124,156,124,158
124,156,124,159
124,157,124,160
124,158,124,166
124,159,124,171
124,160,124,161
124,161,124,162
124,162,124,163
124,163,124,164
124,164,124,165
124,165,124,174
124,166,124,167
124,167,124,168
124,168,124,169
124,169,124,170
124,170,124,174
124,171,124,172
124,172,124,173
124,173,124,174
124,174,124,175
124,175,124,176
124,176,124,177
124,176,124,178
124,176,124,179
124,177,124,180
124,178,124,184
124,179,124,188
124,180,124,181
124,181,124,182
124,182,124,183
124,183,124,193
124,184,124,185
124,185,124,186
124,186,124,187
124,187,124,193
124,188,124,189
124,189,124,190
124,190,124,191
124,191,124,192
124,192,124,193
124,193,124,194
124,193,124,195
124,193,124,196
124,194,124,197
124,195,124,201
124,196,124,204
124,197,124,198
124,198,124,199
124,199,124,200
124,200,124,208
124,201,124,202
124,202,124,203
124,203,124,208
124,204,124,205
124,205,124,206
124,206,124,207
124,207,124,208
124,208,124,209
124,209,124,210
124,210,124,211
124,211,124,212
124,212,124,213
124,213,124,214
124,214,124,215
124,215,124,216
124,216,124,217
124,217,124,218
124,217,124,219
124,217,124,220
124,218,124,221
124,219,124,222
124,220,124,223
124,221,124,224
124,222,124,227
124,223,124,229
124,224,124,225
124,225,124,226
124,226,124,231
124,227,124,228
124,228,124,226
124,229,124,230
124,230,124,226
124,231,124,232
124,232,124,233
124,233,124,234
124,234,124,235
124,235,124,236
124,236,124,237
124,237,124,238
124,237,124,239
124,237,124,240
124,238,124,241
124,239,124,242
124,240,124,243
124,241,124,244
124,242,124,244
124,243,124,244
124,244,124,245
124,245,124,246
124,246,124,247
124,247,124,248
124,248,124,249
124,249,124,250
124,249,124,251
124,250,124,252
124,251,124,256
124,252,124,253
124,253,124,254
124,254,124,255
124,255,124,427
124,256,124,257
124,257,124,258
124,258,124,259
124,259,124,427
124,260,124,261
124,261,124,262
124,262,124,263
124,263,124,264
124,264,124,265
124,265,124,266
124,266,124,267
124,267,124,268
124,268,124,269
124,269,124,270
124,270,124,271
124,271,124,272
124,272,124,273
124,273,124,274
124,274,124,275
124,275,124,276
124,276,124,277
124,277,124,278
124,278,124,279
124,279,124,280
124,280,124,281
124,281,124,282
124,282,124,283
124,283,124,374
124,283,124,375
124,283,124,376
124,284,124,285
124,285,124,286
124,286,124,287
124,287,124,288
124,288,124,289
124,289,124,290
124,290,124,291
124,291,124,292
124,292,124,293
124,293,124,294
124,294,124,295
124,295,124,296
124,296,124,297
124,297,124,298
124,298,124,299
124,299,124,300
124,300,124,301
124,301,124,302
124,302,124,303
124,303,124,304
124,304,124,305
124,305,124,306
124,306,124,307
124,307,124,308
124,308,124,309
124,309,124,310
124,310,124,311
124,311,124,312
124,312,124,313
124,313,124,314
124,314,124,315
124,315,124,316
124,316,124,317
124,317,124,318
124,318,124,319
124,319,124,320
124,320,124,321
124,321,124,322
124,322,124,323
124,323,124,324
124,324,124,326
124,326,124,327
124,327,124,328
124,328,124,329
124,329,124,330
124,330,124,377
124,331,124,332
124,332,124,333
124,333,124,334
124,334,124,335
124,335,124,336
124,336,124,32
124,337,124,338
124,338,124,339
124,339,124,340
124,340,124,341
124,341,124,32
124,342,124,343
124,343,124,344
124,344,124,345
124,345,124,32
124,346,124,43
124,347,124,348
124,348,124,349
124,349,124,45
124,350,124,351
124,351,124,352
124,352,124,353
124,353,124,45
124,354,124,100
124,355,124,358
124,356,124,357
124,357,124,101
124,358,124,101
124,359,124,361
124,360,124,365
124,361,124,362
124,362,124,363
124,363,124,364
124,364,124,30
124,365,124,366
124,366,124,367
124,367,124,30
124,368,124,371
124,369,124,371
124,370,124,371
124,371,124,372
124,372,124,373
124,373,124,428
124,374,124,284
124,375,124,284
124,376,124,284
124,377,124,378
124,378,124,379
124,379,124,380
124,380,124,381
124,381,124,382
124,382,124,383
124,383,124,384
124,384,124,385
124,385,124,386
124,386,124,387
124,387,124,388
124,388,124,389
124,389,124,390
124,390,124,391
124,391,124,392
124,392,124,393
124,393,124,394
124,394,124,395
124,395,124,396
124,396,124,397
124,397,124,398
124,398,124,399
124,399,124,400
124,400,124,401
124,401,124,402
124,402,124,403
124,403,124,404
124,404,124,405
124,405,124,406
124,406,124,407
124,407,124,408
124,408,124,409
124,409,124,410
124,410,124,411
124,411,124,412
124,411,124,413
124,412,124,416
124,413,124,414
124,414,124,415
124,415,124,418
124,416,124,417
124,417,124,418
124,418,124,419
124,419,124,420
124,420,124,421
124,421,124,422
124,422,124,423
124,423,124,424
124,424,124,425
124,425,124,426
124,427,124,260
124,428,124,38
125,0,125,11
125,11,125,12
125,12,125,13
125,13,125,14
125,14,125,15
125,15,125,91
125,16,125,17
125,17,125,18
125,17,125,19
125,17,125,20
125,18,125,21
125,19,125,24
125,20,125,29
125,21,125,22
125,22,125,23
125,23,125,32
125,24,125,25
125,25,125,26
125,26,125,27
125,27,125,28
125,28,125,32
125,29,125,30
125,30,125,31
125,31,125,32
125,32,125,33
125,33,125,34
125,34,125,35
125,35,125,36
125,36,125,37
125,37,125,38
125,38,125,39
125,39,125,40
125,40,125,41
125,41,125,42
125,41,125,43
125,41,125,44
125,42,125,45
125,43,125,46
125,44,125,47
125,45,125,48
125,46,125,48
125,47,125,48
125,48,125,49
125,49,125,93
125,50,125,51
125,50,125,52
125,50,125,53
125,51,125,54
125,52,125,61
125,53,125,66
125,54,125,55
125,55,125,56
125,56,125,57
125,57,125,58
125,58,125,59
125,59,125,60
125,60,125,95
125,61,125,62
125,62,125,63
125,63,125,64
125,64,125,94
125,65,125,68
125,66,125,67
125,67,125,68
125,68,125,69
125,69,125,70
125,70,125,71
125,70,125,72
125,70,125,73
125,71,125,74
125,72,125,77
125,73,125,82
125,74,125,75
125,75,125,76
125,76,119,0
125,77,125,78
125,78,125,79
125,79,125,80
125,80,125,81
125,81,125,88
125,82,125,83
125,83,125,84
125,84,125,85
125,85,125,86
125,86,125,87
125,87,125,88
125,88,125,90
125,90,119,0
125,91,125,92
125,92,125,16
125,93,125,50
125,94,125,65
125,95,125,68
126,0,126,12
126,12,126,13
126,13,126,14
126,14,126,15
126,15,126,16
126,16,126,17
126,17,126,18
126,18,126,19
126,19,126,20
126,20,126,21
126,21,126,22
126,22,126,23
126,23,126,24
126,23,126,25
126,23,126,26
126,24,126,27
126,25,126,28
126,26,126,29
126,27,126,30
126,28,126,30
126,29,126,30
126,30,126,31
126,31,126,32
126,31,126,33
126,31,126,34
126,32,126,36
126,33,126,39
126,34,126,41
126,36,126,37
126,37,126,38
126,38,126,33
126,38,126,34
126,39,126,40
126,40,126,45
126,41,126,42
126,42,126,43
126,43,126,115
126,45,126,46
126,46,126,47
126,46,126,48
126,46,126,49
126,47,126,50
126,48,126,55
126,49,126,60
126,50,126,51
126,51,126,52
126,52,126,53
126,53,126,54
126,54,126,67
126,55,126,56
126,56,126,57
126,57,126,58
126,58,126,59
126,59,126,67
126,60,126,61
126,61,126,62
126,62,126,63
126,63,126,65
126,65,126,113
126,67,126,68
126,68,126,69
126,69,126,70
126,70,126,71
126,71,126,72
126,71,126,73
126,71,126,74
126,72,126,75
126,73,126,77
126,74,126,86
126,75,126,76
126,76,126,94
126,77,126,78
126,78,126,79
126,79,126,80
126,80,126,81
126,81,126,82
126,82,126,83
126,83,126,84
126,84,126,85
126,85,126,94
126,86,126,87
126,87,126,88
126,88,126,89
126,89,126,90
126,90,126,91
126,91,126,92
126,92,126,93
126,93,126,117
126,94,126,95
126,95,126,96
126,96,126,97
126,97,126,98
126,98,126,99
126,99,126,100
126,100,126,101
126,101,126,102
126,102,126,103
126,103,126,104
126,104,126,105
126,105,126,106
126,106,126,107
126,107,126,108
126,108,126,109
126,109,126,110
126,110,126,111
126,111,126,118
126,113,126,114
126,114,126,67
126,115,130,0
126,116,130,0
126,117,126,94
126,118,126,116
128,0,128,13
128,13,128,76
128,14,128,15
128,15,128,16
128,16,128,77
128,17,128,18
128,18,128,19
128,19,128,20
128,19,128,21
128,19,128,22
128,20,128,23
128,21,128,24
128,22,128,25
128,23,128,26
128,24,128,78
128,25,128,80
128,26,128,27
128,27,128,28
128,27,128,29
128,27,128,30
128,28,128,31
128,29,128,32
128,30,128,33
128,31,128,34
128,32,128,81
128,33,128,82
128,34,128,35
128,35,128,36
128,36,128,37
128,37,128,83
128,50,128,51
128,50,128,57
128,50,128,65
128,51,128,52
128,52,128,53
128,53,128,54
128,54,128,55
128,55,128,56
128,56,128,87
128,57,128,58
128,58,128,59
128,59,128,60
128,60,128,61
128,61,128,62
128,62,128,63
128,63,128,64
128,64,128,87
128,65,128,66
128,66,128,67
128,67,128,68
128,68,128,70
128,70,128,71
128,71,128,72
128,72,128,87
128,75,134,0
128,76,128,14
128,77,128,17
128,78,128,79
128,79,128,27
128,80,128,27
128,81,128,35
128,82,128,35
128,83,128,84
128,84,128,85
128,85,128,86
128,86,128,50
128,87,128,88
128,88,128,75
129,0,129,2
129,2,129,3
129,3,129,4
129,4,129,5
129,5,129,6
129,6,129,7
129,7,129,8
130,0,130,3
130,3,130,4
130,4,130,5
130,5,130,6
130,6,130,7
130,7,130,8
130,8,130,9
130,9,130,10
130,10,130,11
130,11,130,12
130,12,130,13
130,13,130,14
130,14,130,15
130,15,130,16
130,16,130,494
130,16,130,495
130,16,130,498
130,17,130,18
130,18,130,490
130,19,130,20
130,20,130,21
130,21,130,22
130,22,130,23
130,23,130,24
130,24,130,25
130,25,130,26
130,26,130,27
130,27,130,28
130,28,130,29
130,29,130,491
130,30,130,31
130,31,130,32
130,32,130,33
130,33,130,34
130,34,130,35
130,35,130,36
130,36,130,37
130,37,130,39
130,39,130,40
130,40,130,41
130,41,130,42
130,42,130,43
130,43,130,44
130,44,130,45
130,45,130,46
130,46,130,47
130,46,130,48
130,46,130,49
130,47,130,50
130,48,130,56
130,49,130,64
130,50,130,51
130,51,130,52
130,52,130,53
130,53,130,54
130,54,130,55
130,55,130,69
130,56,130,57
130,57,130,58
130,58,130,59
130,59,130,60
130,60,130,61
130,61,130,62
130,62,130,63
130,63,130,69
130,64,130,65
130,65,130,66
130,66,130,67
130,67,130,68
130,68,130,69
130,69,130,70
130,70,130,71
130,71,130,72
130,72,130,73
130,73,130,74
130,74,130,75
130,75,130,76
130,76,130,77
130,77,130,78
130,78,130,79
130,79,130,80
130,80,130,81
130,80,130,82
130,81,130,83
130,82,130,117
130,83,130,84
130,84,130,85
130,85,130,86
130,86,130,87
130,87,130,88
130,88,130,89
130,89,130,90
130,90,130,91
130,91,130,92
130,92,130,93
130,93,130,94
130,94,130,95
130,95,130,96
130,96,130,97
130,97,130,98
130,98,130,99
130,99,130,100
130,100,130,101
130,101,130,102
130,102,130,103
130,103,130,104
130,104,130,105
130,105,130,106
130,106,130,107
130,107,130,108
130,108,130,109
130,109,130,110
130,110,130,111
130,111,130,112
130,112,130,113
130,113,130,114
130,114,130,115
130,115,130,116
130,116,130,137
130,117,130,118
130,118,130,119
130,119,130,120
130,120,130,121
130,121,130,122
130,122,130,123
130,123,130,124
130,124,130,125
130,125,130,126
130,126,130,127
130,127,130,128
130,128,130,129
130,129,130,130
130,130,130,131
130,131,130,492
130,132,130,133
130,133,130,134
130,134,130,135
130,135,130,136
130,136,130,137
130,137,130,138
130,138,130,139
130,139,130,140
130,140,130,141
130,141,130,142
130,142,130,143
130,143,130,144
130,144,130,145
130,145,130,146
130,146,130,147
130,147,130,148
130,148,130,149
130,148,130,150
130,149,130,151
130,150,130,151
130,151,130,152
130,152,130,153
130,153,130,154
130,154,130,155
130,155,130,156
130,156,130,157
130,157,130,158
130,158,130,159
130,159,130,160
130,160,130,161
130,161,130,162
130,162,130,166
130,166,130,167
130,167,130,171
130,167,130,174
130,171,130,172
130,172,130,173
130,173,130,176
130,174,130,175
130,175,130,493
130,176,130,177
130,177,130,178
130,177,130,179
130,177,130,180
130,178,130,181
130,179,130,192
130,180,130,199
130,181,130,182
130,182,130,183
130,183,130,184
130,184,130,185
130,185,130,186
130,186,130,187
130,187,130,188
130,188,130,189
130,189,130,190
130,190,130,191
130,191,130,207
130,192,130,193
130,193,130,194
130,194,130,195
130,195,130,196
130,196,130,197
130,197,130,198
130,198,130,207
130,199,130,200
130,200,130,201
130,201,130,202
130,202,130,203
130,203,130,204
130,204,130,205
130,205,130,206
130,206,130,207
130,207,130,208
130,208,130,209
130,209,130,210
130,210,130,211
130,211,130,212
130,211,130,214
130,212,130,213
130,213,130,216
130,214,130,215
130,215,130,216
130,216,130,217
130,217,130,218
130,218,130,219
130,219,130,220
130,220,130,221
130,221,130,222
130,222,130,223
130,223,130,224
130,224,130,225
130,225,130,226
130,226,130,227
130,227,130,228
130,228,130,229
130,229,130,230
130,230,130,231
130,231,130,232
130,232,130,233
130,233,130,234
130,234,130,235
130,235,130,236
130,236,130,237
130,237,130,238
130,238,130,239
130,239,130,240
130,240,130,241
130,241,130,242
130,242,130,243
130,243,130,244
130,244,130,245
130,245,130,502
130,245,130,503
130,245,130,509
130,246,130,247
130,247,130,248
130,248,130,249
130,249,130,250
130,250,130,251
130,251,130,252
130,252,130,253
130,253,130,254
130,254,130,255
130,255,130,256
130,256,130,257
130,257,130,258
130,258,130,259
130,259,130,260
130,260,130,261
130,261,130,262
130,262,130,263
130,263,130,264
130,264,130,265
130,265,130,266
130,266,130,267
130,267,130,268
130,268,130,269
130,269,130,270
130,270,130,271
130,271,130,272
130,272,130,273
130,273,130,274
130,274,130,275
130,275,130,276
130,276,130,277
130,277,130,278
130,278,130,279
130,278,130,281
130,279,130,280
130,280,130,283
130,281,130,282
130,282,130,283
130,283,130,284
130,284,130,285
130,285,130,286
130,286,130,287
130,287,130,288
130,288,130,289
130,289,130,290
130,290,130,291
130,291,130,292
130,292,130,293
130,293,130,294
130,294,130,295
130,295,130,296
130,296,130,514
130,296,130,515
130,296,130,520
130,297,130,516
130,298,130,299
130,299,130,300
130,300,130,301
130,301,130,302
130,302,130,303
130,303,130,304
130,304,130,305
130,305,130,306
130,306,130,307
130,307,130,308
130,308,130,309
130,309,130,310
130,310,130,311
130,311,130,312
130,312,130,313
130,313,130,314
130,314,130,315
130,315,130,316
130,316,130,317
130,317,130,318
130,318,130,319
130,319,130,320
130,320,130,321
130,321,130,322
130,322,130,323
130,323,130,324
130,324,130,325
130,325,130,326
130,326,130,327
130,327,130,328
130,328,130,329
130,329,130,330
130,330,130,331
130,331,130,332
130,332,130,333
130,333,130,334
130,334,130,335
130,335,130,336
130,336,130,337
130,337,130,338
130,338,130,339
130,339,130,340
130,340,130,341
130,341,130,342
130,342,130,343
130,343,130,344
130,344,130,345
130,345,130,346
130,346,130,347
130,347,130,348
130,348,130,349
130,349,130,350
130,350,130,351
130,351,130,352
130,352,130,353
130,353,130,354
130,354,130,355
130,355,130,356
130,356,130,357
130,357,130,358
130,358,130,359
130,359,130,360
130,360,130,361
130,361,130,362
130,362,130,363
130,363,130,364
130,364,130,365
130,365,130,366
130,366,130,367
130,367,130,368
130,368,130,369
130,369,130,370
130,370,130,371
130,371,130,372
130,372,130,373
130,373,130,374
130,374,130,375
130,375,130,376
130,376,130,377
130,377,130,378
130,378,130,379
130,379,130,380
130,380,130,381
130,381,130,382
130,382,130,383
130,383,130,384
130,384,130,385
130,385,130,386
130,386,130,387
130,387,130,388
130,388,130,389
130,389,130,390
130,390,130,391
130,391,130,525
130,392,130,526
130,393,130,394
130,394,130,395
130,395,130,396
130,396,130,397
130,397,130,398
130,398,130,399
130,399,130,400
130,400,130,401
130,401,130,402
130,402,130,403
130,403,130,404
130,404,130,405
130,405,130,406
130,406,130,407
130,407,130,408
130,408,130,409
130,409,130,410
130,410,130,411
130,411,130,412
130,412,130,413
130,413,130,414
130,414,130,415
130,415,130,527
130,415,130,529
130,415,130,535
130,416,130,417
130,417,130,418
130,418,130,419
130,419,130,528
130,420,130,421
130,421,130,422
130,422,130,423
130,423,130,424
130,424,130,425
130,425,130,426
130,426,130,427
130,427,130,428
130,428,130,429
130,429,130,430
130,430,130,431
130,431,130,432
130,432,130,433
130,433,130,434
130,434,130,435
130,435,130,436
130,436,130,437
130,437,130,438
130,438,130,439
130,439,130,440
130,440,130,441
130,441,130,442
130,442,130,443
130,443,130,444
130,444,130,445
130,445,130,446
130,446,130,447
130,447,130,448
130,448,130,449
130,449,130,450
130,450,130,451
130,451,130,452
130,452,130,453
130,453,130,454
130,454,130,540
130,454,130,541
130,454,130,546
130,455,130,456
130,456,130,457
130,457,130,458
130,458,130,459
130,459,130,460
130,460,130,461
130,461,130,462
130,462,130,463
130,463,130,464
130,464,130,465
130,465,130,466
130,466,130,467
130,467,130,468
130,468,130,469
130,469,130,470
130,470,130,471
130,471,130,472
130,472,130,473
130,473,130,474
130,474,130,475
130,475,130,476
130,476,130,477
130,477,130,478
130,478,130,479
130,479,130,480
130,480,130,481
130,481,130,482
130,482,130,483
130,483,130,484
130,484,130,548
130,485,130,486
130,486,130,487
130,487,130,488
130,488,130,489
130,490,130,19
130,491,130,30
130,492,130,132
130,493,130,176
130,494,130,17
130,495,130,496
130,496,130,497
130,497,130,490
130,498,130,499
130,499,130,500
130,500,130,501
130,501,130,490
130,502,130,246
130,503,130,504
130,504,130,505
130,505,130,506
130,506,130,507
130,507,130,508
130,508,130,249
130,509,130,510
130,510,130,511
130,511,130,512
130,512,130,513
130,513,130,249
130,514,130,297
130,515,130,517
130,516,130,298
130,517,130,518
130,518,130,519
130,519,130,298
130,520,130,521
130,521,130,522
130,522,130,523
130,523,130,524
130,524,130,298
130,525,130,392
130,526,130,393
130,527,130,416
130,528,130,420
130,529,130,530
130,530,130,531
130,531,130,532
130,532,130,533
130,533,130,534
130,534,130,528
130,535,130,536
130,536,130,537
130,537,130,538
130,538,130,539
130,539,130,420
130,540,130,455
130,541,130,542
130,542,130,543
130,543,130,544
130,544,130,545
130,545,130,457
130,546,130,547
130,547,130,457
130,548,130,485
131,0,131,3
131,3,131,4
131,4,131,5
131,5,131,6
131,6,131,7
131,7,131,8
131,8,131,9
131,9,131,10
131,10,131,11
131,11,131,12
131,12,131,13
131,13,131,14
131,14,131,15
131,15,131,37
131,15,131,38
131,15,131,42
131,16,131,17
131,17,131,18
131,18,131,19
131,19,131,20
131,20,131,21
131,21,131,22
131,22,131,23
131,23,131,24
131,24,131,25
131,25,131,26
131,26,131,27
131,27,131,28
131,28,131,29
131,29,131,30
131,30,131,31
131,31,131,32
131,32,131,33
131,33,131,34
131,34,131,35
131,35,131,36
131,37,131,16
131,38,131,39
131,39,131,40
131,40,131,41
131,41,131,17
131,42,131,43
131,43,131,44
131,44,131,45
131,45,131,46
131,46,131,47
131,47,131,17
132,0,132,27
132,27,132,29
132,29,132,30
132,30,132,31
132,31,132,33
132,33,132,34
132,34,132,35
132,35,132,36
132,35,132,38
132,35,132,40
132,36,132,37
132,37,132,45
132,38,132,39
132,39,132,45
132,40,132,41
132,41,132,42
132,42,132,43
132,43,132,44
132,44,132,74
132,45,132,46
132,46,132,47
132,46,132,48
132,47,132,51
132,48,132,49
132,49,132,51
132,51,132,52
132,52,132,53
132,53,132,54
132,53,132,152
132,54,132,55
132,55,132,154
132,56,132,57
132,57,132,58
132,58,132,59
132,59,132,60
132,60,132,61
132,61,132,62
132,62,132,63
132,63,132,64
132,64,132,65
132,65,132,66
132,66,132,67
132,67,132,68
132,68,132,69
132,69,132,155
132,71,134,0
132,72,132,73
132,73,132,157
132,74,132,75
132,75,132,76
132,76,132,77
132,77,132,78
132,78,132,79
132,79,132,81
132,81,132,82
132,81,132,90
132,81,132,104
132,82,132,83
132,83,132,158
132,84,132,85
132,85,132,86
132,86,132,87
132,87,132,88
132,88,132,102
132,90,132,97
132,91,132,92
132,92,132,93
132,93,132,94
132,94,132,95
132,95,132,96
132,96,132,98
132,97,132,160
132,98,132,99
132,99,132,100
132,100,132,101
132,101,134,0
132,102,134,0
132,104,132,105
132,105,132,106
132,106,132,107
132,107,132,108
132,108,132,109
132,109,132,110
132,110,132,111
132,111,132,112
132,112,132,113
132,113,132,114
132,114,132,115
132,115,132,116
132,116,132,117
132,117,132,118
132,118,132,119
132,119,132,120
132,120,132,121
132,121,132,162
132,122,132,123
132,122,132,136
132,122,132,142
132,123,132,124
132,124,132,125
132,125,132,126
132,126,132,127
132,127,132,128
132,128,132,129
132,129,132,130
132,130,132,131
132,131,132,132
132,132,132,168
132,135,134,0
132,136,132,137
132,137,132,138
132,138,132,139
132,139,132,166
132,140,132,141
132,141,132,167
132,142,132,153
132,143,132,144
132,144,132,145
132,145,132,146
132,146,132,147
132,147,132,148
132,148,132,149
132,149,132,151
132,151,134,0
132,152,132,72
132,153,132,143
132,154,132,56
132,155,132,71
132,157,132,74
132,158,132,159
132,159,132,84
132,160,132,161
132,161,132,91
132,162,132,163
132,163,132,164
132,164,132,165
132,165,132,122
132,166,132,140
132,167,132,168
132,168,132,169
132,169,132,135
134,0,134,26
134,26,134,27
134,27,134,28
134,28,134,29
134,29,134,30
134,30,134,31
134,31,134,32
134,32,134,33
134,33,134,34
134,34,134,35
134,35,134,36
134,36,134,37
134,37,134,38
134,38,134,39
134,39,134,40
134,40,134,41
134,41,134,42
134,42,134,43
134,43,134,399
134,44,134,45
134,45,134,46
134,46,134,47
134,47,134,48
134,48,134,49
134,49,134,50
134,50,134,51
134,51,134,52
134,52,134,53
134,53,134,400
134,53,134,401
134,53,134,402
134,54,134,55
134,55,134,56
134,56,134,57
134,57,134,58
134,58,134,59
134,59,134,60
134,60,134,61
134,61,134,62
134,62,134,63
134,63,134,403
134,64,134,65
134,65,134,66
134,66,134,67
134,67,134,404
134,68,134,69
134,69,134,70
134,70,134,71
134,71,134,72
134,72,134,73
134,73,134,74
134,74,134,75
134,75,134,76
134,76,134,77
134,77,134,78
134,78,134,79
134,79,134,80
134,80,134,81
134,81,134,82
134,82,134,83
134,83,134,84
134,84,134,85
134,85,134,88
134,88,134,89
134,89,134,90
134,90,134,91
134,91,134,92
134,92,134,93
134,93,134,94
134,94,134,95
134,95,134,96
134,96,134,97
134,97,134,98
134,98,134,99
134,99,134,100
134,100,134,101
134,101,134,102
134,102,134,103
134,103,134,104
134,104,134,105
134,105,134,106
134,106,134,107
134,107,134,108
134,108,134,109
134,109,134,110
134,110,134,111
134,111,134,112
134,112,134,113
134,113,134,114
134,114,134,405
134,114,134,406
134,114,134,411
134,115,134,116
134,116,134,117
134,117,134,118
134,118,134,119
134,119,134,120
134,120,134,121
134,121,134,122
134,122,134,123
134,123,134,124
134,124,134,125
134,125,134,126
134,126,134,127
134,127,134,128
134,128,134,129
134,129,134,130
134,130,134,131
134,131,134,132
134,132,134,133
134,132,134,136
134,133,134,134
134,134,134,135
134,135,134,138
134,136,134,137
134,137,134,138
134,138,134,139
134,139,134,140
134,140,134,141
134,141,134,142
134,142,134,143
134,143,134,144
134,144,134,145
134,145,134,146
134,146,134,147
134,147,134,148
134,148,134,149
134,149,134,150
134,150,134,151
134,151,134,152
134,152,134,153
134,153,134,154
134,154,134,155
134,155,134,156
134,156,134,157
134,157,134,158
134,158,134,159
134,159,134,160
134,160,134,161
134,161,134,162
134,162,134,163
134,163,134,164
134,164,134,165
134,165,134,166
134,166,134,167
134,167,134,168
134,168,134,169
134,169,134,417
134,170,134,171
134,171,134,419
134,172,134,173
134,173,134,174
134,174,134,175
134,175,134,176
134,176,134,177
134,177,134,178
134,178,134,179
134,179,134,180
134,180,134,181
134,181,134,182
134,182,134,183
134,183,134,184
134,184,134,185
134,185,134,186
134,186,134,187
134,187,134,188
134,188,134,189
134,189,134,190
134,190,134,191
134,191,134,192
134,192,134,193
134,193,134,194
134,194,134,195
134,195,134,196
134,196,134,197
134,197,134,398
134,198,134,436
134,199,134,200
134,199,134,205
134,199,134,210
134,200,134,201
134,201,134,202
134,202,134,203
134,203,134,204
134,204,134,437
134,205,134,206
134,206,134,207
134,207,134,208
134,208,134,209
134,209,134,437
134,210,134,211
134,211,134,212
134,212,134,213
134,213,134,214
134,214,134,437
134,215,134,216
134,216,134,217
134,217,134,218
134,218,134,219
134,219,134,220
134,220,134,221
134,221,134,222
134,222,134,223
134,223,134,224
134,224,134,225
134,225,134,226
134,226,134,439
134,227,134,228
134,228,134,229
134,229,134,230
134,230,134,231
134,231,134,232
134,232,134,233
134,233,134,234
134,234,134,235
134,235,134,236
134,236,134,237
134,237,134,238
134,238,134,239
134,239,134,240
134,240,134,241
134,241,134,441
134,242,134,243
134,243,134,244
134,244,134,245
134,245,134,246
134,246,134,247
134,247,134,248
134,248,134,249
134,249,134,250
134,250,134,251
134,251,134,252
134,252,134,253
134,253,134,254
134,254,134,255
134,255,134,256
134,256,134,257
134,257,134,258
134,258,134,259
134,259,134,260
134,260,134,261
134,261,134,262
134,262,134,263
134,263,134,264
134,264,134,265
134,265,134,266
134,266,134,267
134,267,134,268
134,268,134,269
134,269,134,270
134,270,134,271
134,270,134,272
134,271,134,273
134,272,134,294
134,273,134,274
134,274,134,275
134,275,134,276
134,276,134,277
134,277,134,278
134,278,134,279
134,279,134,280
134,280,134,281
134,281,134,282
134,282,134,283
134,283,134,284
134,284,134,285
134,285,134,286
134,286,134,287
134,287,134,288
134,288,134,289
134,289,134,290
134,290,134,291
134,291,134,292
134,292,134,293
134,293,134,318
134,294,134,295
134,295,134,296
134,296,134,297
134,297,134,298
134,298,134,299
134,299,134,300
134,300,134,301
134,301,134,302
134,302,134,303
134,303,134,304
134,304,134,305
134,305,134,306
134,306,134,307
134,307,134,308
134,308,134,309
134,309,134,310
134,310,134,311
134,311,134,312
134,312,134,313
134,313,134,314
134,314,134,315
134,315,134,316
134,316,134,317
134,317,134,318
134,318,134,319
134,319,134,320
134,319,134,329
134,320,134,321
134,321,134,322
134,322,134,323
134,323,134,324
134,324,134,325
134,325,134,326
134,326,134,327
134,327,134,328
134,328,134,337
134,329,134,330
134,330,134,331
134,331,134,332
134,332,134,333
134,333,134,334
134,334,134,335
134,335,134,336
134,336,134,337
134,337,134,338
134,338,134,339
134,339,134,340
134,340,134,341
134,341,134,342
134,342,134,343
134,343,134,344
134,344,134,345
134,345,134,346
134,346,134,347
134,347,134,348
134,348,134,349
134,349,134,350
134,350,134,351
134,351,134,352
134,352,134,353
134,353,134,354
134,354,134,355
134,355,134,356
134,356,134,357
134,357,134,358
134,358,134,359
134,359,134,360
134,360,134,361
134,361,134,362
134,362,134,363
134,363,134,364
134,364,134,365
134,365,134,366
134,366,134,367
134,367,134,368
134,368,134,369
134,369,134,370
134,370,134,371
134,371,134,372
134,372,134,444
134,373,134,374
134,374,134,375
134,375,134,376
134,376,134,377
134,377,134,378
134,378,134,379
134,379,134,380
134,380,134,381
134,381,134,382
134,382,134,383
134,383,134,384
134,384,134,385
134,385,134,386
134,386,134,387
134,387,134,388
134,388,134,389
134,389,134,390
134,390,134,391
134,391,134,392
134,391,134,395
134,392,134,393
134,393,134,394
134,395,134,396
134,396,134,397
134,398,134,198
134,399,134,44
134,400,134,54
134,401,134,54
134,402,134,54
134,403,134,64
134,404,134,68
134,405,134,115
134,406,134,407
134,407,134,408
134,408,134,409
134,409,134,410
134,410,134,117
134,411,134,412
134,412,134,413
134,413,134,414
134,414,134,415
134,415,134,416
134,416,134,117
134,417,134,418
134,418,134,170
134,419,134,420
134,419,134,421
134,419,134,430
134,420,134,172
134,421,134,422
134,422,134,423
134,423,134,424
134,424,134,425
134,424,134,426
134,425,134,427
134,426,134,428
134,427,134,174
134,428,134,429
134,429,134,174
134,430,134,431
134,431,134,432
134,432,134,433
134,433,134,434
134,434,134,435
134,435,134,174
134,436,134,199
134,437,134,438
134,438,134,215
134,439,134,440
134,440,134,227
134,441,134,442
134,442,134,443
134,443,134,242
134,444,134,445
134,445,134,446
134,446,134,447
134,447,134,448
134,448,134,449
134,449,134,450
134,449,134,451
134,450,134,452
134,451,134,454
134,452,134,453
134,453,134,373
134,454,134,373
135,0,135,27
135,27,135,28
135,28,135,29
135,29,135,30
135,30,135,31
135,31,135,32
135,32,135,33
135,33,135,34
135,34,135,35
135,35,135,36
135,36,135,37
135,37,135,38
135,38,135,39
135,39,135,40
136,0,136,29
136,29,136,30
136,30,136,31
136,31,136,32
136,32,136,33
136,33,136,34
136,34,136,35
136,35,136,36
136,36,136,37
136,37,136,38
136,38,136,39
136,39,136,40
136,40,136,41
136,41,136,42
136,42,136,121
136,56,136,57
136,57,136,58
136,58,136,59
136,59,136,60
136,60,136,61
136,61,136,62
136,62,136,63
136,63,136,122
136,63,136,123
136,63,136,124
136,64,136,65
136,65,136,66
136,66,136,67
136,67,136,68
136,68,136,69
136,69,136,70
136,70,136,71
136,71,136,72
136,72,136,73
136,73,136,74
136,74,136,76
136,74,136,78
136,74,136,80
136,76,136,77
136,77,136,134
136,78,136,79
136,79,136,132
136,80,136,81
136,81,136,130
136,82,136,83
136,83,136,84
136,84,136,85
136,85,136,86
136,86,136,87
136,87,136,88
136,88,136,89
136,89,136,90
136,89,136,135
136,89,136,136
136,90,136,91
136,91,136,92
136,92,136,93
136,93,136,94
136,94,136,95
136,95,136,96
136,96,136,97
136,97,136,98
136,98,136,99
136,99,136,100
136,100,136,149
136,119,136,120
136,120,139,0
136,121,136,56
136,122,136,125
136,123,136,126
136,124,136,127
136,125,136,64
136,126,136,64
136,127,136,128
136,128,136,129
136,129,136,64
136,130,136,131
136,131,136,82
136,132,136,133
136,133,136,82
136,134,136,82
136,135,136,142
136,136,136,137
136,137,136,138
136,138,136,139
136,139,136,140
136,140,136,141
136,141,136,94
136,142,136,143
136,143,136,144
136,144,136,145
136,145,136,146
136,146,136,147
136,147,136,148
136,148,136,94
136,149,136,150
136,150,136,151
136,151,136,152
136,152,136,153
136,153,136,154
136,154,136,119
137,0,137,12
137,12,137,15
137,14,139,0
137,15,137,16
137,16,137,17
137,17,137,18
137,18,137,19
137,19,137,20
137,20,137,21
137,21,137,22
137,22,137,23
137,22,137,24
137,22,137,25
137,23,137,26
137,24,137,32
137,25,137,35
137,26,137,27
137,27,137,28
137,28,137,29
137,29,137,30
137,30,137,31
137,31,137,39
137,32,137,33
137,33,137,34
137,34,137,31
137,35,137,36
137,36,137,37
137,37,137,38
137,38,137,31
137,39,137,40
137,40,137,41
137,41,137,42
137,42,137,43
137,43,137,44
137,44,137,45
137,45,137,46
137,46,137,47
137,47,137,48
137,48,137,49
137,49,137,50
137,50,137,51
137,51,137,53
137,53,137,54
137,54,137,55
137,55,137,56
137,56,137,57
137,57,137,58
137,58,137,59
137,59,137,60
137,60,137,61
137,61,137,62
137,62,137,63
137,63,137,64
137,64,137,65
137,65,137,66
137,66,137,67
137,67,137,68
137,68,137,69
137,69,137,70
137,70,137,71
137,71,137,72
137,72,137,73
137,73,137,74
137,74,137,75
137,75,137,76
137,76,137,77
137,77,137,78
137,78,137,79
137,79,137,80
137,79,137,81
137,79,137,82
137,80,137,83
137,81,137,83
137,82,137,83
137,83,137,84
137,84,137,85
137,85,137,86
137,86,137,87
137,86,137,88
137,86,137,89
137,87,137,90
137,88,137,96
137,89,137,103
137,90,137,91
137,91,137,92
137,92,137,93
137,93,137,94
137,94,137,95
137,95,137,112
137,96,137,97
137,97,137,98
137,98,137,99
137,99,137,100
137,100,137,101
137,101,137,102
137,102,137,95
137,103,137,104
137,104,137,105
137,105,137,106
137,106,137,107
137,107,137,108
137,108,137,109
137,109,137,110
137,110,137,111
137,111,137,95
137,112,137,113
137,113,137,114
137,114,137,115
137,115,137,116
137,116,137,117
137,117,137,118
137,118,137,119
137,119,137,120
137,120,137,121
137,121,137,122
137,122,137,123
137,123,137,124
137,124,137,125
137,125,137,126
137,126,137,127
137,127,137,14
139,0,139,28
139,28,139,29
139,29,139,30
139,30,139,31
139,31,139,32
139,32,139,33
139,33,139,34
139,34,139,35
139,35,139,36
139,36,139,37
139,37,139,38
139,38,139,39
139,39,139,442
139,39,139,443
139,39,139,444
139,40,139,41
139,41,139,42
139,42,139,43
139,43,139,44
139,44,139,45
139,45,139,46
139,46,139,47
139,47,139,48
139,48,139,49
139,49,139,50
139,50,139,51
139,51,139,52
139,52,139,53
139,53,139,54
139,54,139,55
139,55,139,56
139,56,139,57
139,57,139,58
139,58,139,59
139,59,139,60
139,60,139,61
139,61,139,62
139,62,139,63
139,63,139,64
139,64,139,65
139,65,139,479
139,65,139,480
139,65,139,487
139,66,139,67
139,67,139,68
139,68,139,69
139,69,139,70
139,70,139,71
139,71,139,72
139,72,139,73
139,73,139,74
139,74,139,75
139,75,139,76
139,76,139,77
139,77,139,78
139,78,139,79
139,79,139,80
139,80,139,81
139,81,139,82
139,82,139,84
139,84,139,85
139,85,139,86
139,86,139,87
139,87,139,88
139,88,139,89
139,89,139,90
139,90,139,91
139,91,139,92
139,92,139,93
139,93,139,94
139,94,139,95
139,95,139,96
139,96,139,97
139,97,139,98
139,98,139,99
139,99,139,100
139,100,139,101
139,101,139,102
139,102,139,103
139,103,139,104
139,104,139,105
139,105,139,106
139,106,139,107
139,107,139,108
139,108,139,109
139,109,139,110
139,110,139,111
139,111,139,491
139,112,139,113
139,113,139,114
139,114,139,115
139,115,139,116
139,116,139,117
139,117,139,118
139,118,139,119
139,119,139,120
139,120,139,121
139,121,139,122
139,122,139,123
139,123,139,124
139,124,139,125
139,125,139,126
139,126,139,127
139,127,139,128
139,128,139,129
139,129,139,130
139,130,139,131
139,131,139,132
139,132,139,133
139,133,139,134
139,133,139,141
139,133,139,150
139,134,139,135
139,135,139,136
139,136,139,137
139,137,139,138
139,138,139,139
139,139,139,140
139,140,139,159
139,141,139,142
139,142,139,143
139,143,139,144
139,144,139,145
139,145,139,146
139,146,139,147
139,147,139,148
139,148,139,149
139,149,139,159
139,150,139,151
139,151,139,152
139,152,139,153
139,153,139,154
139,154,139,155
139,155,139,156
139,156,139,157
139,157,139,158
139,158,139,159
139,159,139,160
139,160,139,161
139,161,139,162
139,162,139,163
139,163,139,164
139,164,139,165
139,165,139,166
139,166,139,167
139,167,139,168
139,168,139,169
139,169,139,170
139,170,139,171
139,171,139,172
139,171,139,175
139,171,139,178
139,172,139,173
139,173,139,174
139,174,139,181
139,175,139,176
139,176,139,177
139,177,139,181
139,178,139,179
139,179,139,180
139,180,139,181
139,181,139,182
139,182,139,183
139,183,139,184
139,184,139,185
139,185,139,186
139,186,139,187
139,187,139,188
139,188,139,189
139,189,139,190
139,190,139,191
139,191,139,192
139,192,139,193
139,193,139,194
139,194,139,195
139,195,139,196
139,196,139,197
139,197,139,198
139,198,139,199
139,199,139,200
139,200,139,201
139,201,139,202
139,202,139,203
139,203,139,204
139,204,139,205
139,205,139,206
139,206,139,207
139,207,139,208
139,208,139,209
139,209,139,210
139,210,139,211
139,211,139,212
139,212,139,213
139,213,139,214
139,214,139,215
139,215,139,216
139,216,139,217
139,217,139,218
139,218,139,219
139,219,139,220
139,220,139,221
139,221,139,222
139,222,139,223
139,223,139,224
139,223,139,226
139,223,139,228
139,224,139,225
139,225,139,230
139,226,139,227
139,227,139,230
139,228,139,229
139,229,139,230
139,230,139,492
139,231,139,232
139,232,139,233
139,233,139,234
139,234,139,235
139,235,139,236
139,236,139,237
139,237,139,494
139,238,139,239
139,239,139,240
139,240,139,241
139,241,139,242
139,242,139,243
139,243,139,244
139,244,139,245
139,245,139,246
139,246,139,247
139,247,139,248
139,247,139,250
139,248,139,249
139,249,139,252
139,250,139,251
139,251,139,252
139,252,139,253
139,253,139,254
139,254,139,255
139,255,139,256
139,256,139,257
139,257,139,258
139,258,139,259
139,259,139,260
139,260,139,261
139,261,139,262
139,262,139,263
139,263,139,264
139,264,139,265
139,265,139,496
139,265,139,497
139,265,139,503
139,266,139,267
139,267,139,268
139,268,139,269
139,269,139,270
139,270,139,271
139,271,139,272
139,272,139,273
139,273,139,274
139,274,139,275
139,275,139,276
139,276,139,277
139,277,139,278
139,278,139,279
139,279,139,280
139,280,139,281
139,281,139,282
139,282,139,283
139,283,139,284
139,284,139,285
139,285,139,286
139,286,139,287
139,287,139,288
139,288,139,289
139,289,139,290
139,290,139,291
139,291,139,292
139,292,139,293
139,293,139,294
139,294,139,295
139,295,139,296
139,296,139,297
139,297,139,298
139,298,139,299
139,299,139,300
139,300,139,301
139,301,139,302
139,302,139,303
139,303,139,509
139,304,139,305
139,305,139,306
139,306,139,307
139,307,139,308
139,308,139,309
139,309,139,310
139,310,139,311
139,311,139,312
139,312,139,313
139,313,139,314
139,314,139,315
139,315,139,316
139,316,139,317
139,317,139,318
139,318,139,319
139,319,139,320
139,320,139,321
139,320,139,357
139,321,139,322
139,322,139,323
139,323,139,324
139,324,139,325
139,325,139,326
139,326,139,327
139,327,139,328
139,328,139,329
139,329,139,330
139,330,139,331
139,331,139,332
139,332,139,333
139,333,139,334
139,334,139,335
139,335,139,336
139,336,139,337
139,337,139,338
139,338,139,339
139,339,139,340
139,340,139,341
139,341,139,342
139,342,139,343
139,343,139,344
139,344,139,345
139,345,139,346
139,346,139,347
139,347,139,348
139,348,139,349
139,349,139,350
139,350,139,351
139,351,139,512
139,352,139,353
139,353,139,354
139,354,139,355
139,355,139,356
139,356,139,371
139,357,139,358
139,358,139,359
139,359,139,360
139,360,139,361
139,361,139,362
139,362,139,363
139,363,139,364
139,364,139,365
139,365,139,366
139,366,139,367
139,367,139,368
139,368,139,369
139,369,139,370
139,370,139,371
139,371,139,372
139,372,139,373
139,372,139,518
139,373,139,374
139,374,139,375
139,375,139,376
139,376,139,519
139,378,139,379
139,379,139,380
139,380,139,381
139,381,139,382
139,382,139,383
139,383,139,384
139,384,139,385
139,385,139,386
139,386,139,387
139,387,139,388
139,388,139,389
139,389,139,390
139,390,139,391
139,391,139,392
139,392,139,393
139,393,139,394
139,394,139,395
139,395,139,396
139,396,139,397
139,397,139,398
139,398,139,399
139,399,139,400
139,400,139,401
139,401,139,402
139,402,139,403
139,403,139,404
139,404,139,405
139,405,139,406
139,406,139,407
139,407,139,408
139,408,139,409
139,409,139,410
139,410,139,411
139,411,139,412
139,412,139,413
139,413,139,414
139,414,139,415
139,415,139,416
139,416,139,417
139,417,139,418
139,418,139,419
139,419,139,420
139,420,139,421
139,421,139,422
139,422,139,423
139,423,139,425
139,425,139,426
139,426,139,427
139,427,139,428
139,428,139,429
139,429,139,430
139,430,139,432
139,432,139,433
139,433,139,434
139,434,139,524
139,435,139,436
139,436,139,437
139,437,139,438
139,438,139,439
139,439,139,536
139,440,139,441
139,442,139,445
139,443,139,452
139,444,139,467
139,445,139,446
139,446,139,447
139,447,139,448
139,448,139,449
139,449,139,450
139,450,139,451
139,451,139,40
139,452,139,453
139,453,139,454
139,454,139,455
139,455,139,456
139,456,139,457
139,457,139,458
139,458,139,459
139,459,139,460
139,460,139,461
139,461,139,462
139,462,139,463
139,463,139,464
139,464,139,465
139,465,139,466
139,466,139,41
139,467,139,468
139,468,139,469
139,469,139,470
139,470,139,471
139,471,139,472
139,472,139,473
139,473,139,474
139,474,139,475
139,475,139,476
139,476,139,477
139,477,139,478
139,478,139,41
139,479,139,66
139,480,139,481
139,481,139,482
139,482,139,483
139,483,139,484
139,484,139,485
139,485,139,486
139,486,139,70
139,487,139,488
139,488,139,489
139,489,139,490
139,490,139,70
139,491,139,112
139,492,139,493
139,493,139,231
139,494,139,495
139,495,139,238
139,496,139,266
139,497,139,498
139,498,139,499
139,499,139,500
139,500,139,501
139,501,139,502
139,502,139,269
139,503,139,504
139,504,139,505
139,505,139,506
139,506,139,507
139,507,139,508
139,508,139,269
139,509,139,510
139,510,139,511
139,511,139,304
139,512,139,513
139,513,139,514
139,514,139,515
139,515,139,516
139,516,139,517
139,517,139,352
139,518,139,374
139,519,139,520
139,520,139,521
139,521,139,522
139,522,139,523
139,523,139,378
139,524,139,525
139,525,139,526
139,526,139,527
139,527,139,528
139,528,139,529
139,529,139,530
139,530,139,531
139,531,139,532
139,531,139,533
139,532,139,535
139,533,139,534
139,534,139,435
139,535,139,435
139,536,139,440
140,0,140,30
140,30,140,31
140,31,140,32
140,32,140,33
140,33,140,34
140,34,140,35
140,35,140,36
140,36,140,37
140,37,140,38
140,38,140,39
140,39,140,40
140,40,140,41
140,41,140,42
140,42,140,43
140,43,140,44
140,44,140,45
140,45,140,46
140,46,140,47
140,47,140,48
140,48,140,49
140,49,140,50
140,50,140,51
140,51,140,52
140,52,140,53
140,53,140,54
140,54,140,55
140,55,140,56
140,56,140,57
140,57,140,58
140,58,140,59
140,59,140,60
140,60,140,61
140,61,140,62
140,62,140,63
140,63,140,64
140,64,140,65
140,65,140,66
140,66,140,67
140,67,140,68
140,68,140,69
140,69,140,70
140,70,140,71
140,71,140,72
140,72,140,73
140,73,140,74
140,74,140,75
140,75,140,76
140,76,140,77
140,77,140,78
140,78,140,79
140,79,140,80
140,80,140,81
140,81,140,353
140,82,140,83
140,83,140,84
140,84,140,85
140,85,140,86
140,86,140,87
140,87,140,88
140,88,140,89
140,89,140,90
140,90,140,91
140,91,140,92
140,92,140,93
140,93,140,94
140,94,140,95
140,95,140,96
140,96,140,97
140,97,140,98
140,98,140,99
140,99,140,100
140,100,140,101
140,101,140,102
140,102,140,103
140,103,140,104
140,104,140,105
140,105,140,106
140,106,140,107
140,107,140,108
140,108,140,109
140,109,140,110
140,110,140,111
140,111,140,112
140,112,140,113
140,113,140,114
140,114,140,115
140,115,140,116
140,116,140,117
140,117,140,118
140,118,140,119
140,119,140,120
140,120,140,121
140,121,140,122
140,122,140,123
140,123,140,124
140,124,140,125
140,125,140,126
140,126,140,127
140,127,140,128
140,128,140,129
140,129,140,130
140,130,140,131
140,131,140,132
140,132,140,133
140,133,140,134
140,134,140,135
140,135,140,136
140,136,140,137
140,137,140,138
140,138,140,139
140,139,140,140
140,140,140,141
140,141,140,142
140,142,140,143
140,143,140,144
140,144,140,145
140,145,140,146
140,146,140,147
140,147,140,148
140,148,140,149
140,149,140,150
140,150,140,151
140,151,140,152
140,152,140,153
140,153,140,154
140,154,140,155
140,155,140,156
140,156,140,157
140,157,140,158
140,158,140,159
140,159,140,160
140,160,140,161
140,161,140,162
140,162,140,163
140,163,140,164
140,164,140,165
140,165,140,166
140,166,140,167
140,167,140,168
140,168,140,169
140,169,140,170
140,170,140,171
140,171,140,172
140,172,140,173
140,173,140,174
140,174,140,175
140,175,140,176
140,176,140,177
140,177,140,178
140,178,140,179
140,179,140,180
140,180,140,181
140,181,140,182
140,182,140,183
140,183,140,184
140,184,140,185
140,185,140,186
140,186,140,187
140,187,140,188
140,188,140,189
140,189,140,190
140,190,140,191
140,191,140,192
140,192,140,193
140,193,140,194
140,194,140,195
140,195,140,196
140,196,140,197
140,197,140,198
140,198,140,199
140,199,140,200
140,200,140,201
140,201,140,202
140,202,140,203
140,203,140,204
140,204,140,205
140,205,140,206
140,206,140,207
140,207,140,208
140,208,140,209
140,209,140,210
140,210,140,211
140,211,140,212
140,212,140,213
140,213,140,214
140,214,140,354
140,215,140,216
140,216,140,217
140,217,140,218
140,218,140,219
140,219,140,220
140,220,140,221
140,221,140,222
140,222,140,223
140,223,140,224
140,224,140,225
140,225,140,226
140,226,140,227
140,227,140,228
140,228,140,229
140,229,140,230
140,230,140,231
140,231,140,232
140,232,140,233
140,233,140,234
140,234,140,235
140,235,140,236
140,236,140,237
140,237,140,238
140,238,140,239
140,239,140,240
140,240,140,241
140,241,140,242
140,242,140,243
140,243,140,244
140,244,140,245
140,245,140,246
140,246,140,247
140,247,140,248
140,248,140,249
140,249,140,250
140,250,140,251
140,251,140,252
140,252,140,253
140,253,140,254
140,254,140,255
140,255,140,256
140,256,140,257
140,257,140,258
140,258,140,259
140,259,140,260
140,260,140,261
140,261,140,262
140,262,140,263
140,263,140,264
140,264,140,265
140,265,140,266
140,266,140,267
140,267,140,268
140,268,140,269
140,269,140,356
140,270,140,271
140,271,140,272
140,272,140,273
140,273,140,274
140,274,140,275
140,275,140,276
140,276,140,277
140,277,140,278
140,278,140,279
140,279,140,280
140,280,140,281
140,281,140,282
140,282,140,283
140,283,140,284
140,284,140,285
140,285,140,286
140,286,140,287
140,287,140,288
140,288,140,289
140,289,140,290
140,290,140,291
140,291,140,292
140,292,140,293
140,293,140,294
140,294,140,295
140,295,140,296
140,296,140,297
140,297,140,298
140,298,140,299
140,299,140,300
140,300,140,301
140,301,140,302
140,302,140,303
140,303,140,304
140,304,140,305
140,305,140,306
140,306,140,307
140,307,140,308
140,308,140,309
140,309,140,310
140,310,140,311
140,311,140,312
140,312,140,313
140,313,140,314
140,314,140,315
140,315,140,316
140,316,140,317
140,317,140,318
140,318,140,319
140,319,140,320
140,320,140,321
140,321,140,322
140,322,140,323
140,323,140,324
140,324,140,325
140,325,140,326
140,326,140,327
140,327,140,328
140,328,140,329
140,329,140,330
140,330,140,331
140,331,140,332
140,332,140,333
140,333,140,334
140,334,140,335
140,335,140,336
140,336,140,337
140,337,140,338
140,338,140,339
140,339,140,340
140,340,140,341
140,341,140,342
140,342,140,343
140,343,140,344
140,344,140,345
140,345,140,346
140,346,140,347
140,347,140,348
140,348,140,349
140,349,140,350
140,350,140,351
140,350,140,352
140,351,143,0
140,352,144,0
140,353,140,82
140,354,140,355
140,355,140,215
140,356,140,357
140,357,140,270
142,0,142,1
142,1,142,2
142,2,142,3
142,3,142,4
143,0,143,3
143,3,143,4
143,4,143,5
143,5,143,6
143,6,143,7
143,7,143,8
143,8,143,9
143,9,143,10
143,10,143,11
143,11,143,12
143,12,143,13
143,13,143,14
143,14,143,15
143,15,143,16
143,16,143,17
143,17,143,18
143,18,143,19
143,18,143,20
143,19,143,21
143,20,143,21
143,21,143,22
143,22,143,23
143,23,143,24
143,24,143,25
143,25,143,26
143,26,143,27
143,27,143,28
143,28,143,29
143,29,143,30
143,30,143,31
143,31,143,32
143,32,143,33
143,33,143,34
143,34,143,35
143,35,143,36
143,36,143,37
143,37,143,38
143,38,143,39
143,39,143,40
143,40,143,41
143,41,143,42
143,42,143,43
143,43,143,44
143,44,143,45
143,45,143,46
143,46,143,47
143,47,143,48
143,48,143,49
143,49,143,50
143,50,143,51
143,51,143,52
143,52,143,53
143,53,143,54
143,54,143,55
143,55,143,56
143,56,143,57
143,57,143,58
143,58,143,59
143,59,143,60
143,60,143,61
143,61,143,62
143,62,143,63
143,63,143,64
143,64,143,65
143,65,143,66
143,66,143,67
143,67,143,68
143,68,143,69
143,69,143,70
143,70,143,71
143,71,143,72
143,72,143,73
143,73,143,74
143,74,143,75
143,75,143,76
143,76,143,77
143,77,143,78
143,78,143,79
143,79,143,80
143,80,143,81
143,81,143,82
143,82,143,83
143,83,143,84
143,84,143,85
143,85,143,86
143,86,143,87
143,87,143,88
143,88,143,89
143,89,143,90
143,90,143,91
143,91,143,92
143,92,143,93
143,93,143,94
143,94,143,95
143,95,143,96
143,96,143,97
143,97,143,98
143,98,143,99
143,99,143,100
143,100,143,101
143,101,143,102
143,102,143,103
143,103,143,104
143,104,143,105
143,105,143,106
143,106,143,107
143,107,143,108
143,108,143,109
143,109,143,110
143,110,143,111
143,111,143,112
143,112,143,113
143,113,143,114
143,114,143,115
143,115,143,116
143,116,143,117
143,117,143,118
143,118,143,119
143,119,143,120
143,120,143,121
143,121,143,122
143,122,143,123
143,123,143,124
143,124,143,125
143,125,143,126
143,126,143,127
143,127,143,128
143,128,143,129
143,129,143,130
143,130,143,131
143,131,143,132
143,132,143,133
143,133,143,134
143,134,143,135
143,135,143,136
143,136,143,137
143,137,143,138
143,138,143,139
143,139,143,140
143,140,143,141
143,141,143,142
143,142,143,143
143,143,143,144
143,144,143,145
143,145,143,146
143,146,143,147
143,147,143,148
143,148,143,149
143,149,143,150
143,150,143,151
143,151,143,152
143,152,143,153
143,153,143,154
143,154,143,155
143,155,143,156
143,156,143,157
143,157,143,158
143,158,143,159
143,159,143,160
143,160,143,161
143,161,143,162
143,162,143,163
143,163,143,164
143,164,143,165
143,165,143,166
143,166,143,167
143,167,143,168
143,168,143,169
143,169,143,170
143,170,143,235
143,171,143,172
143,172,143,173
143,173,143,174
143,174,143,175
143,175,143,176
143,176,143,177
143,177,143,178
143,178,143,179
143,179,143,180
143,180,143,181
143,181,143,182
143,182,143,183
143,183,143,184
143,184,143,185
143,185,143,186
143,186,143,187
143,187,143,188
143,188,143,189
143,189,143,190
143,190,143,191
143,191,143,192
143,192,143,236
143,193,143,194
143,194,143,195
143,195,143,196
143,196,143,197
143,197,143,198
143,198,143,199
143,199,143,200
143,200,143,201
143,201,143,202
143,202,143,203
143,203,143,204
143,204,143,205
143,205,143,206
143,206,143,207
143,207,143,208
143,208,143,209
143,209,143,210
143,210,143,211
143,211,143,212
143,212,143,213
143,213,143,214
143,214,143,215
143,215,143,216
143,216,143,217
143,217,143,218
143,218,143,219
143,219,143,220
143,220,143,221
143,221,143,222
143,222,143,223
143,223,143,224
143,224,143,225
143,225,143,226
143,226,143,227
143,227,143,228
143,228,143,229
143,229,143,230
143,230,143,231
143,231,143,232
143,232,143,233
143,233,143,234
143,234,143,237
143,235,143,171
143,236,143,193
144,0,144,4
144,4,144,5
144,5,144,6
144,6,144,7
144,7,144,8
144,8,144,9
144,9,144,10
144,10,144,11
144,11,144,12
144,12,144,13
144,13,144,14
144,14,144,15
144,15,144,16
144,16,144,17
144,17,144,18
144,18,144,19
144,19,144,20
144,20,144,21
144,21,144,22
144,22,144,23
144,23,144,24
144,24,144,25
144,25,144,26
144,26,144,27
144,27,144,28
144,28,144,29
144,29,144,30
144,30,144,31
144,31,144,32
144,32,144,33
144,33,144,34
144,34,144,35
144,35,144,36
144,36,144,37
144,37,144,38
144,38,144,39
144,39,144,40
144,40,144,41
144,41,144,42
144,42,144,43
144,43,144,44
144,44,144,45
144,45,144,46
144,46,144,47
144,47,144,48
144,48,144,49
144,49,144,50
144,50,144,51
144,51,144,52
144,52,144,53
144,53,144,54
144,54,144,55
144,55,144,56
144,56,144,57
144,57,144,58
144,58,144,59
144,59,144,60
144,60,144,61
144,61,144,62
144,62,144,63
144,63,144,64
144,64,144,65
144,65,144,66
144,66,144,67
144,67,144,68
144,68,144,69
144,69,144,70
144,70,144,71
144,71,144,72
144,72,144,73
144,73,144,74
144,74,144,75
144,75,144,76
144,76,144,77
144,77,144,78
144,78,144,79
144,79,144,80
144,80,144,81
144,81,144,82
144,82,144,83
144,83,144,84
144,84,144,85
144,85,144,86
144,86,144,87
144,87,144,88
144,88,144,89
144,89,144,90
144,90,144,91
144,91,144,92
144,92,144,93
144,93,144,94
144,94,144,95
144,95,144,96
144,96,144,97
144,97,144,98
144,98,144,99
144,99,144,100
144,100,144,101
144,101,144,102
144,102,144,103
144,103,144,104
144,104,144,105
144,105,144,106
144,106,144,107
144,107,144,108
144,108,144,109
144,109,144,110
144,110,144,111
144,111,144,112
144,112,144,113
144,113,144,114
144,114,144,115
144,115,144,116
144,116,144,117
144,117,144,118
144,118,144,119
144,119,144,120
144,120,144,121
144,121,144,122
144,122,144,123
144,123,144,124
144,124,144,125
144,125,144,126
144,126,144,127
144,127,144,128
144,128,144,129
144,129,144,130
144,130,144,131
144,131,144,132
144,132,144,133
144,133,144,134
144,134,144,135
144,135,144,136
144,136,144,137
144,137,144,138
144,138,144,139
144,139,144,140
144,140,144,141
144,141,144,142
144,142,144,143
144,143,144,144
144,144,144,145
144,145,144,146
144,146,144,147
144,147,144,148
144,148,144,149
144,149,144,150
144,150,144,151
144,151,144,152
144,152,144,153
144,153,144,154
144,154,144,155
144,155,144,156
144,156,144,157
144,157,144,158
144,158,144,159
144,159,144,160
144,160,144,161
144,161,144,162
144,162,144,163
144,163,144,164
144,164,144,165
144,165,144,166
144,166,144,167
144,167,144,168
144,168,144,169
144,169,144,170
144,170,144,171
144,171,144,172
144,172,144,173
144,173,144,174
144,174,144,175
144,175,144,176
144,176,144,177
144,177,144,178
144,178,144,179
144,179,144,180
144,180,144,181
144,181,144,182
144,182,144,183
144,183,144,184
144,184,144,185
144,185,144,186
144,186,144,187
144,187,144,188
144,188,144,189
144,189,144,190
144,190,144,191
144,191,144,192
144,192,144,193
144,193,144,195
144,195,144,196
144,196,144,197
144,197,144,198
144,198,144,199
144,199,144,200
144,200,144,201
144,201,144,202
144,202,144,203
144,203,144,235
144,204,144,205
144,205,144,206
144,206,144,207
144,207,144,208
144,208,144,209
144,209,144,210
144,210,144,211
144,211,144,212
144,212,144,213
144,213,144,214
144,214,144,215
144,215,144,216
144,216,144,217
144,217,144,218
144,218,144,219
144,219,144,220
144,220,144,221
144,221,144,222
144,222,144,223
144,223,144,224
144,224,144,225
144,225,144,226
144,226,144,227
144,227,144,228
144,228,144,229
144,229,144,230
144,230,144,231
144,231,144,232
144,232,144,233
144,233,144,234
144,234,144,236
144,235,144,204
